column,type,description,source
record_id,Integer,Unique farm record identifier,Farm dataset
Longitude,Decimal degrees,Farm longitude (WGS84),Farm dataset
Latitude,Decimal degrees,Farm latitude (WGS84),Farm dataset
Crop Sowing Time,Date,Crop sowing date,Farm dataset
Crop Harvesting Time,Date,Crop harvest date,Farm dataset
Yield Level (t/ha),t/ha,Observed rice yield,Farm dataset
season_days,Days,Harvest minus sowing date,Farm dataset
calendar_year,Year,Sowing calendar year used for 52-week weather,Farm dataset
pH (1:2),Mixed,"Soil, nutrient, or management field",Farm dataset
EC (dS/m),Mixed,"Soil, nutrient, or management field",Farm dataset
OC %,Mixed,"Soil, nutrient, or management field",Farm dataset
Major-nutrient Avail N. (Kg/ha),Mixed,"Soil, nutrient, or management field",Farm dataset
Major-nutrient P(kg/ha),Mixed,"Soil, nutrient, or management field",Farm dataset
Major-nutrient Avail. K (kg/ha),Mixed,"Soil, nutrient, or management field",Farm dataset
Major-nutrient Sulphur (kg/ha),Mixed,"Soil, nutrient, or management field",Farm dataset
Micro-nutrientZn (ppm),Mixed,"Soil, nutrient, or management field",Farm dataset
Micro-nutrient Fe (ppm),Mixed,"Soil, nutrient, or management field",Farm dataset
Micro-nutrient Mn (ppm),Mixed,"Soil, nutrient, or management field",Farm dataset
Micro-nutrient Cu (ppm),Mixed,"Soil, nutrient, or management field",Farm dataset
Actual Residue Incorporation,Mixed,"Soil, nutrient, or management field",Farm dataset
N (kg/ha),Mixed,"Soil, nutrient, or management field",Farm dataset
P2o5 from DAP,Mixed,"Soil, nutrient, or management field",Farm dataset
K2o5 from MOP,Mixed,"Soil, nutrient, or management field",Farm dataset
Zinc Sul,Mixed,"Soil, nutrient, or management field",Farm dataset
FYM (in t/ha),Mixed,"Soil, nutrient, or management field",Farm dataset
FYM input interval (Yr),Mixed,"Soil, nutrient, or management field",Farm dataset
Crop Sowing Time_1,Mixed,"Soil, nutrient, or management field",Farm dataset
Crop Harvesting Time_1,Mixed,"Soil, nutrient, or management field",Farm dataset
week01_rainfall_total,Float,Week 1 (mm): Total weekly rainfall,"NASA POWER (PRECTOTCORR, sum)"
week02_rainfall_total,Float,Week 2 (mm): Total weekly rainfall,"NASA POWER (PRECTOTCORR, sum)"
week03_rainfall_total,Float,Week 3 (mm): Total weekly rainfall,"NASA POWER (PRECTOTCORR, sum)"
week04_rainfall_total,Float,Week 4 (mm): Total weekly rainfall,"NASA POWER (PRECTOTCORR, sum)"
week05_rainfall_total,Float,Week 5 (mm): Total weekly rainfall,"NASA POWER (PRECTOTCORR, sum)"
week06_rainfall_total,Float,Week 6 (mm): Total weekly rainfall,"NASA POWER (PRECTOTCORR, sum)"
week07_rainfall_total,Float,Week 7 (mm): Total weekly rainfall,"NASA POWER (PRECTOTCORR, sum)"
week08_rainfall_total,Float,Week 8 (mm): Total weekly rainfall,"NASA POWER (PRECTOTCORR, sum)"
week09_rainfall_total,Float,Week 9 (mm): Total weekly rainfall,"NASA POWER (PRECTOTCORR, sum)"
week10_rainfall_total,Float,Week 10 (mm): Total weekly rainfall,"NASA POWER (PRECTOTCORR, sum)"
week11_rainfall_total,Float,Week 11 (mm): Total weekly rainfall,"NASA POWER (PRECTOTCORR, sum)"
week12_rainfall_total,Float,Week 12 (mm): Total weekly rainfall,"NASA POWER (PRECTOTCORR, sum)"
week13_rainfall_total,Float,Week 13 (mm): Total weekly rainfall,"NASA POWER (PRECTOTCORR, sum)"
week14_rainfall_total,Float,Week 14 (mm): Total weekly rainfall,"NASA POWER (PRECTOTCORR, sum)"
week15_rainfall_total,Float,Week 15 (mm): Total weekly rainfall,"NASA POWER (PRECTOTCORR, sum)"
week16_rainfall_total,Float,Week 16 (mm): Total weekly rainfall,"NASA POWER (PRECTOTCORR, sum)"
week17_rainfall_total,Float,Week 17 (mm): Total weekly rainfall,"NASA POWER (PRECTOTCORR, sum)"
week18_rainfall_total,Float,Week 18 (mm): Total weekly rainfall,"NASA POWER (PRECTOTCORR, sum)"
week19_rainfall_total,Float,Week 19 (mm): Total weekly rainfall,"NASA POWER (PRECTOTCORR, sum)"
week20_rainfall_total,Float,Week 20 (mm): Total weekly rainfall,"NASA POWER (PRECTOTCORR, sum)"
week21_rainfall_total,Float,Week 21 (mm): Total weekly rainfall,"NASA POWER (PRECTOTCORR, sum)"
week22_rainfall_total,Float,Week 22 (mm): Total weekly rainfall,"NASA POWER (PRECTOTCORR, sum)"
week23_rainfall_total,Float,Week 23 (mm): Total weekly rainfall,"NASA POWER (PRECTOTCORR, sum)"
week24_rainfall_total,Float,Week 24 (mm): Total weekly rainfall,"NASA POWER (PRECTOTCORR, sum)"
week25_rainfall_total,Float,Week 25 (mm): Total weekly rainfall,"NASA POWER (PRECTOTCORR, sum)"
week26_rainfall_total,Float,Week 26 (mm): Total weekly rainfall,"NASA POWER (PRECTOTCORR, sum)"
week27_rainfall_total,Float,Week 27 (mm): Total weekly rainfall,"NASA POWER (PRECTOTCORR, sum)"
week28_rainfall_total,Float,Week 28 (mm): Total weekly rainfall,"NASA POWER (PRECTOTCORR, sum)"
week29_rainfall_total,Float,Week 29 (mm): Total weekly rainfall,"NASA POWER (PRECTOTCORR, sum)"
week30_rainfall_total,Float,Week 30 (mm): Total weekly rainfall,"NASA POWER (PRECTOTCORR, sum)"
week31_rainfall_total,Float,Week 31 (mm): Total weekly rainfall,"NASA POWER (PRECTOTCORR, sum)"
week32_rainfall_total,Float,Week 32 (mm): Total weekly rainfall,"NASA POWER (PRECTOTCORR, sum)"
week33_rainfall_total,Float,Week 33 (mm): Total weekly rainfall,"NASA POWER (PRECTOTCORR, sum)"
week34_rainfall_total,Float,Week 34 (mm): Total weekly rainfall,"NASA POWER (PRECTOTCORR, sum)"
week35_rainfall_total,Float,Week 35 (mm): Total weekly rainfall,"NASA POWER (PRECTOTCORR, sum)"
week36_rainfall_total,Float,Week 36 (mm): Total weekly rainfall,"NASA POWER (PRECTOTCORR, sum)"
week37_rainfall_total,Float,Week 37 (mm): Total weekly rainfall,"NASA POWER (PRECTOTCORR, sum)"
week38_rainfall_total,Float,Week 38 (mm): Total weekly rainfall,"NASA POWER (PRECTOTCORR, sum)"
week39_rainfall_total,Float,Week 39 (mm): Total weekly rainfall,"NASA POWER (PRECTOTCORR, sum)"
week40_rainfall_total,Float,Week 40 (mm): Total weekly rainfall,"NASA POWER (PRECTOTCORR, sum)"
week41_rainfall_total,Float,Week 41 (mm): Total weekly rainfall,"NASA POWER (PRECTOTCORR, sum)"
week42_rainfall_total,Float,Week 42 (mm): Total weekly rainfall,"NASA POWER (PRECTOTCORR, sum)"
week43_rainfall_total,Float,Week 43 (mm): Total weekly rainfall,"NASA POWER (PRECTOTCORR, sum)"
week44_rainfall_total,Float,Week 44 (mm): Total weekly rainfall,"NASA POWER (PRECTOTCORR, sum)"
week45_rainfall_total,Float,Week 45 (mm): Total weekly rainfall,"NASA POWER (PRECTOTCORR, sum)"
week46_rainfall_total,Float,Week 46 (mm): Total weekly rainfall,"NASA POWER (PRECTOTCORR, sum)"
week47_rainfall_total,Float,Week 47 (mm): Total weekly rainfall,"NASA POWER (PRECTOTCORR, sum)"
week48_rainfall_total,Float,Week 48 (mm): Total weekly rainfall,"NASA POWER (PRECTOTCORR, sum)"
week49_rainfall_total,Float,Week 49 (mm): Total weekly rainfall,"NASA POWER (PRECTOTCORR, sum)"
week50_rainfall_total,Float,Week 50 (mm): Total weekly rainfall,"NASA POWER (PRECTOTCORR, sum)"
week51_rainfall_total,Float,Week 51 (mm): Total weekly rainfall,"NASA POWER (PRECTOTCORR, sum)"
week52_rainfall_total,Float,Week 52 (mm): Total weekly rainfall,"NASA POWER (PRECTOTCORR, sum)"
week01_rainfall_mean,Float,Week 1 (mm/day): Mean daily rainfall,"NASA POWER (PRECTOTCORR, mean)"
week02_rainfall_mean,Float,Week 2 (mm/day): Mean daily rainfall,"NASA POWER (PRECTOTCORR, mean)"
week03_rainfall_mean,Float,Week 3 (mm/day): Mean daily rainfall,"NASA POWER (PRECTOTCORR, mean)"
week04_rainfall_mean,Float,Week 4 (mm/day): Mean daily rainfall,"NASA POWER (PRECTOTCORR, mean)"
week05_rainfall_mean,Float,Week 5 (mm/day): Mean daily rainfall,"NASA POWER (PRECTOTCORR, mean)"
week06_rainfall_mean,Float,Week 6 (mm/day): Mean daily rainfall,"NASA POWER (PRECTOTCORR, mean)"
week07_rainfall_mean,Float,Week 7 (mm/day): Mean daily rainfall,"NASA POWER (PRECTOTCORR, mean)"
week08_rainfall_mean,Float,Week 8 (mm/day): Mean daily rainfall,"NASA POWER (PRECTOTCORR, mean)"
week09_rainfall_mean,Float,Week 9 (mm/day): Mean daily rainfall,"NASA POWER (PRECTOTCORR, mean)"
week10_rainfall_mean,Float,Week 10 (mm/day): Mean daily rainfall,"NASA POWER (PRECTOTCORR, mean)"
week11_rainfall_mean,Float,Week 11 (mm/day): Mean daily rainfall,"NASA POWER (PRECTOTCORR, mean)"
week12_rainfall_mean,Float,Week 12 (mm/day): Mean daily rainfall,"NASA POWER (PRECTOTCORR, mean)"
week13_rainfall_mean,Float,Week 13 (mm/day): Mean daily rainfall,"NASA POWER (PRECTOTCORR, mean)"
week14_rainfall_mean,Float,Week 14 (mm/day): Mean daily rainfall,"NASA POWER (PRECTOTCORR, mean)"
week15_rainfall_mean,Float,Week 15 (mm/day): Mean daily rainfall,"NASA POWER (PRECTOTCORR, mean)"
week16_rainfall_mean,Float,Week 16 (mm/day): Mean daily rainfall,"NASA POWER (PRECTOTCORR, mean)"
week17_rainfall_mean,Float,Week 17 (mm/day): Mean daily rainfall,"NASA POWER (PRECTOTCORR, mean)"
week18_rainfall_mean,Float,Week 18 (mm/day): Mean daily rainfall,"NASA POWER (PRECTOTCORR, mean)"
week19_rainfall_mean,Float,Week 19 (mm/day): Mean daily rainfall,"NASA POWER (PRECTOTCORR, mean)"
week20_rainfall_mean,Float,Week 20 (mm/day): Mean daily rainfall,"NASA POWER (PRECTOTCORR, mean)"
week21_rainfall_mean,Float,Week 21 (mm/day): Mean daily rainfall,"NASA POWER (PRECTOTCORR, mean)"
week22_rainfall_mean,Float,Week 22 (mm/day): Mean daily rainfall,"NASA POWER (PRECTOTCORR, mean)"
week23_rainfall_mean,Float,Week 23 (mm/day): Mean daily rainfall,"NASA POWER (PRECTOTCORR, mean)"
week24_rainfall_mean,Float,Week 24 (mm/day): Mean daily rainfall,"NASA POWER (PRECTOTCORR, mean)"
week25_rainfall_mean,Float,Week 25 (mm/day): Mean daily rainfall,"NASA POWER (PRECTOTCORR, mean)"
week26_rainfall_mean,Float,Week 26 (mm/day): Mean daily rainfall,"NASA POWER (PRECTOTCORR, mean)"
week27_rainfall_mean,Float,Week 27 (mm/day): Mean daily rainfall,"NASA POWER (PRECTOTCORR, mean)"
week28_rainfall_mean,Float,Week 28 (mm/day): Mean daily rainfall,"NASA POWER (PRECTOTCORR, mean)"
week29_rainfall_mean,Float,Week 29 (mm/day): Mean daily rainfall,"NASA POWER (PRECTOTCORR, mean)"
week30_rainfall_mean,Float,Week 30 (mm/day): Mean daily rainfall,"NASA POWER (PRECTOTCORR, mean)"
week31_rainfall_mean,Float,Week 31 (mm/day): Mean daily rainfall,"NASA POWER (PRECTOTCORR, mean)"
week32_rainfall_mean,Float,Week 32 (mm/day): Mean daily rainfall,"NASA POWER (PRECTOTCORR, mean)"
week33_rainfall_mean,Float,Week 33 (mm/day): Mean daily rainfall,"NASA POWER (PRECTOTCORR, mean)"
week34_rainfall_mean,Float,Week 34 (mm/day): Mean daily rainfall,"NASA POWER (PRECTOTCORR, mean)"
week35_rainfall_mean,Float,Week 35 (mm/day): Mean daily rainfall,"NASA POWER (PRECTOTCORR, mean)"
week36_rainfall_mean,Float,Week 36 (mm/day): Mean daily rainfall,"NASA POWER (PRECTOTCORR, mean)"
week37_rainfall_mean,Float,Week 37 (mm/day): Mean daily rainfall,"NASA POWER (PRECTOTCORR, mean)"
week38_rainfall_mean,Float,Week 38 (mm/day): Mean daily rainfall,"NASA POWER (PRECTOTCORR, mean)"
week39_rainfall_mean,Float,Week 39 (mm/day): Mean daily rainfall,"NASA POWER (PRECTOTCORR, mean)"
week40_rainfall_mean,Float,Week 40 (mm/day): Mean daily rainfall,"NASA POWER (PRECTOTCORR, mean)"
week41_rainfall_mean,Float,Week 41 (mm/day): Mean daily rainfall,"NASA POWER (PRECTOTCORR, mean)"
week42_rainfall_mean,Float,Week 42 (mm/day): Mean daily rainfall,"NASA POWER (PRECTOTCORR, mean)"
week43_rainfall_mean,Float,Week 43 (mm/day): Mean daily rainfall,"NASA POWER (PRECTOTCORR, mean)"
week44_rainfall_mean,Float,Week 44 (mm/day): Mean daily rainfall,"NASA POWER (PRECTOTCORR, mean)"
week45_rainfall_mean,Float,Week 45 (mm/day): Mean daily rainfall,"NASA POWER (PRECTOTCORR, mean)"
week46_rainfall_mean,Float,Week 46 (mm/day): Mean daily rainfall,"NASA POWER (PRECTOTCORR, mean)"
week47_rainfall_mean,Float,Week 47 (mm/day): Mean daily rainfall,"NASA POWER (PRECTOTCORR, mean)"
week48_rainfall_mean,Float,Week 48 (mm/day): Mean daily rainfall,"NASA POWER (PRECTOTCORR, mean)"
week49_rainfall_mean,Float,Week 49 (mm/day): Mean daily rainfall,"NASA POWER (PRECTOTCORR, mean)"
week50_rainfall_mean,Float,Week 50 (mm/day): Mean daily rainfall,"NASA POWER (PRECTOTCORR, mean)"
week51_rainfall_mean,Float,Week 51 (mm/day): Mean daily rainfall,"NASA POWER (PRECTOTCORR, mean)"
week52_rainfall_mean,Float,Week 52 (mm/day): Mean daily rainfall,"NASA POWER (PRECTOTCORR, mean)"
week01_relative_humidity,Float,Week 1 (%): Mean relative humidity,"NASA POWER (RH2M, mean)"
week02_relative_humidity,Float,Week 2 (%): Mean relative humidity,"NASA POWER (RH2M, mean)"
week03_relative_humidity,Float,Week 3 (%): Mean relative humidity,"NASA POWER (RH2M, mean)"
week04_relative_humidity,Float,Week 4 (%): Mean relative humidity,"NASA POWER (RH2M, mean)"
week05_relative_humidity,Float,Week 5 (%): Mean relative humidity,"NASA POWER (RH2M, mean)"
week06_relative_humidity,Float,Week 6 (%): Mean relative humidity,"NASA POWER (RH2M, mean)"
week07_relative_humidity,Float,Week 7 (%): Mean relative humidity,"NASA POWER (RH2M, mean)"
week08_relative_humidity,Float,Week 8 (%): Mean relative humidity,"NASA POWER (RH2M, mean)"
week09_relative_humidity,Float,Week 9 (%): Mean relative humidity,"NASA POWER (RH2M, mean)"
week10_relative_humidity,Float,Week 10 (%): Mean relative humidity,"NASA POWER (RH2M, mean)"
week11_relative_humidity,Float,Week 11 (%): Mean relative humidity,"NASA POWER (RH2M, mean)"
week12_relative_humidity,Float,Week 12 (%): Mean relative humidity,"NASA POWER (RH2M, mean)"
week13_relative_humidity,Float,Week 13 (%): Mean relative humidity,"NASA POWER (RH2M, mean)"
week14_relative_humidity,Float,Week 14 (%): Mean relative humidity,"NASA POWER (RH2M, mean)"
week15_relative_humidity,Float,Week 15 (%): Mean relative humidity,"NASA POWER (RH2M, mean)"
week16_relative_humidity,Float,Week 16 (%): Mean relative humidity,"NASA POWER (RH2M, mean)"
week17_relative_humidity,Float,Week 17 (%): Mean relative humidity,"NASA POWER (RH2M, mean)"
week18_relative_humidity,Float,Week 18 (%): Mean relative humidity,"NASA POWER (RH2M, mean)"
week19_relative_humidity,Float,Week 19 (%): Mean relative humidity,"NASA POWER (RH2M, mean)"
week20_relative_humidity,Float,Week 20 (%): Mean relative humidity,"NASA POWER (RH2M, mean)"
week21_relative_humidity,Float,Week 21 (%): Mean relative humidity,"NASA POWER (RH2M, mean)"
week22_relative_humidity,Float,Week 22 (%): Mean relative humidity,"NASA POWER (RH2M, mean)"
week23_relative_humidity,Float,Week 23 (%): Mean relative humidity,"NASA POWER (RH2M, mean)"
week24_relative_humidity,Float,Week 24 (%): Mean relative humidity,"NASA POWER (RH2M, mean)"
week25_relative_humidity,Float,Week 25 (%): Mean relative humidity,"NASA POWER (RH2M, mean)"
week26_relative_humidity,Float,Week 26 (%): Mean relative humidity,"NASA POWER (RH2M, mean)"
week27_relative_humidity,Float,Week 27 (%): Mean relative humidity,"NASA POWER (RH2M, mean)"
week28_relative_humidity,Float,Week 28 (%): Mean relative humidity,"NASA POWER (RH2M, mean)"
week29_relative_humidity,Float,Week 29 (%): Mean relative humidity,"NASA POWER (RH2M, mean)"
week30_relative_humidity,Float,Week 30 (%): Mean relative humidity,"NASA POWER (RH2M, mean)"
week31_relative_humidity,Float,Week 31 (%): Mean relative humidity,"NASA POWER (RH2M, mean)"
week32_relative_humidity,Float,Week 32 (%): Mean relative humidity,"NASA POWER (RH2M, mean)"
week33_relative_humidity,Float,Week 33 (%): Mean relative humidity,"NASA POWER (RH2M, mean)"
week34_relative_humidity,Float,Week 34 (%): Mean relative humidity,"NASA POWER (RH2M, mean)"
week35_relative_humidity,Float,Week 35 (%): Mean relative humidity,"NASA POWER (RH2M, mean)"
week36_relative_humidity,Float,Week 36 (%): Mean relative humidity,"NASA POWER (RH2M, mean)"
week37_relative_humidity,Float,Week 37 (%): Mean relative humidity,"NASA POWER (RH2M, mean)"
week38_relative_humidity,Float,Week 38 (%): Mean relative humidity,"NASA POWER (RH2M, mean)"
week39_relative_humidity,Float,Week 39 (%): Mean relative humidity,"NASA POWER (RH2M, mean)"
week40_relative_humidity,Float,Week 40 (%): Mean relative humidity,"NASA POWER (RH2M, mean)"
week41_relative_humidity,Float,Week 41 (%): Mean relative humidity,"NASA POWER (RH2M, mean)"
week42_relative_humidity,Float,Week 42 (%): Mean relative humidity,"NASA POWER (RH2M, mean)"
week43_relative_humidity,Float,Week 43 (%): Mean relative humidity,"NASA POWER (RH2M, mean)"
week44_relative_humidity,Float,Week 44 (%): Mean relative humidity,"NASA POWER (RH2M, mean)"
week45_relative_humidity,Float,Week 45 (%): Mean relative humidity,"NASA POWER (RH2M, mean)"
week46_relative_humidity,Float,Week 46 (%): Mean relative humidity,"NASA POWER (RH2M, mean)"
week47_relative_humidity,Float,Week 47 (%): Mean relative humidity,"NASA POWER (RH2M, mean)"
week48_relative_humidity,Float,Week 48 (%): Mean relative humidity,"NASA POWER (RH2M, mean)"
week49_relative_humidity,Float,Week 49 (%): Mean relative humidity,"NASA POWER (RH2M, mean)"
week50_relative_humidity,Float,Week 50 (%): Mean relative humidity,"NASA POWER (RH2M, mean)"
week51_relative_humidity,Float,Week 51 (%): Mean relative humidity,"NASA POWER (RH2M, mean)"
week52_relative_humidity,Float,Week 52 (%): Mean relative humidity,"NASA POWER (RH2M, mean)"
week01_solar_radiation,Float,Week 1 (kWh/m2/day): Mean solar radiation,"NASA POWER (ALLSKY_SFC_SW_DWN, mean)"
week02_solar_radiation,Float,Week 2 (kWh/m2/day): Mean solar radiation,"NASA POWER (ALLSKY_SFC_SW_DWN, mean)"
week03_solar_radiation,Float,Week 3 (kWh/m2/day): Mean solar radiation,"NASA POWER (ALLSKY_SFC_SW_DWN, mean)"
week04_solar_radiation,Float,Week 4 (kWh/m2/day): Mean solar radiation,"NASA POWER (ALLSKY_SFC_SW_DWN, mean)"
week05_solar_radiation,Float,Week 5 (kWh/m2/day): Mean solar radiation,"NASA POWER (ALLSKY_SFC_SW_DWN, mean)"
week06_solar_radiation,Float,Week 6 (kWh/m2/day): Mean solar radiation,"NASA POWER (ALLSKY_SFC_SW_DWN, mean)"
week07_solar_radiation,Float,Week 7 (kWh/m2/day): Mean solar radiation,"NASA POWER (ALLSKY_SFC_SW_DWN, mean)"
week08_solar_radiation,Float,Week 8 (kWh/m2/day): Mean solar radiation,"NASA POWER (ALLSKY_SFC_SW_DWN, mean)"
week09_solar_radiation,Float,Week 9 (kWh/m2/day): Mean solar radiation,"NASA POWER (ALLSKY_SFC_SW_DWN, mean)"
week10_solar_radiation,Float,Week 10 (kWh/m2/day): Mean solar radiation,"NASA POWER (ALLSKY_SFC_SW_DWN, mean)"
week11_solar_radiation,Float,Week 11 (kWh/m2/day): Mean solar radiation,"NASA POWER (ALLSKY_SFC_SW_DWN, mean)"
week12_solar_radiation,Float,Week 12 (kWh/m2/day): Mean solar radiation,"NASA POWER (ALLSKY_SFC_SW_DWN, mean)"
week13_solar_radiation,Float,Week 13 (kWh/m2/day): Mean solar radiation,"NASA POWER (ALLSKY_SFC_SW_DWN, mean)"
week14_solar_radiation,Float,Week 14 (kWh/m2/day): Mean solar radiation,"NASA POWER (ALLSKY_SFC_SW_DWN, mean)"
week15_solar_radiation,Float,Week 15 (kWh/m2/day): Mean solar radiation,"NASA POWER (ALLSKY_SFC_SW_DWN, mean)"
week16_solar_radiation,Float,Week 16 (kWh/m2/day): Mean solar radiation,"NASA POWER (ALLSKY_SFC_SW_DWN, mean)"
week17_solar_radiation,Float,Week 17 (kWh/m2/day): Mean solar radiation,"NASA POWER (ALLSKY_SFC_SW_DWN, mean)"
week18_solar_radiation,Float,Week 18 (kWh/m2/day): Mean solar radiation,"NASA POWER (ALLSKY_SFC_SW_DWN, mean)"
week19_solar_radiation,Float,Week 19 (kWh/m2/day): Mean solar radiation,"NASA POWER (ALLSKY_SFC_SW_DWN, mean)"
week20_solar_radiation,Float,Week 20 (kWh/m2/day): Mean solar radiation,"NASA POWER (ALLSKY_SFC_SW_DWN, mean)"
week21_solar_radiation,Float,Week 21 (kWh/m2/day): Mean solar radiation,"NASA POWER (ALLSKY_SFC_SW_DWN, mean)"
week22_solar_radiation,Float,Week 22 (kWh/m2/day): Mean solar radiation,"NASA POWER (ALLSKY_SFC_SW_DWN, mean)"
week23_solar_radiation,Float,Week 23 (kWh/m2/day): Mean solar radiation,"NASA POWER (ALLSKY_SFC_SW_DWN, mean)"
week24_solar_radiation,Float,Week 24 (kWh/m2/day): Mean solar radiation,"NASA POWER (ALLSKY_SFC_SW_DWN, mean)"
week25_solar_radiation,Float,Week 25 (kWh/m2/day): Mean solar radiation,"NASA POWER (ALLSKY_SFC_SW_DWN, mean)"
week26_solar_radiation,Float,Week 26 (kWh/m2/day): Mean solar radiation,"NASA POWER (ALLSKY_SFC_SW_DWN, mean)"
week27_solar_radiation,Float,Week 27 (kWh/m2/day): Mean solar radiation,"NASA POWER (ALLSKY_SFC_SW_DWN, mean)"
week28_solar_radiation,Float,Week 28 (kWh/m2/day): Mean solar radiation,"NASA POWER (ALLSKY_SFC_SW_DWN, mean)"
week29_solar_radiation,Float,Week 29 (kWh/m2/day): Mean solar radiation,"NASA POWER (ALLSKY_SFC_SW_DWN, mean)"
week30_solar_radiation,Float,Week 30 (kWh/m2/day): Mean solar radiation,"NASA POWER (ALLSKY_SFC_SW_DWN, mean)"
week31_solar_radiation,Float,Week 31 (kWh/m2/day): Mean solar radiation,"NASA POWER (ALLSKY_SFC_SW_DWN, mean)"
week32_solar_radiation,Float,Week 32 (kWh/m2/day): Mean solar radiation,"NASA POWER (ALLSKY_SFC_SW_DWN, mean)"
week33_solar_radiation,Float,Week 33 (kWh/m2/day): Mean solar radiation,"NASA POWER (ALLSKY_SFC_SW_DWN, mean)"
week34_solar_radiation,Float,Week 34 (kWh/m2/day): Mean solar radiation,"NASA POWER (ALLSKY_SFC_SW_DWN, mean)"
week35_solar_radiation,Float,Week 35 (kWh/m2/day): Mean solar radiation,"NASA POWER (ALLSKY_SFC_SW_DWN, mean)"
week36_solar_radiation,Float,Week 36 (kWh/m2/day): Mean solar radiation,"NASA POWER (ALLSKY_SFC_SW_DWN, mean)"
week37_solar_radiation,Float,Week 37 (kWh/m2/day): Mean solar radiation,"NASA POWER (ALLSKY_SFC_SW_DWN, mean)"
week38_solar_radiation,Float,Week 38 (kWh/m2/day): Mean solar radiation,"NASA POWER (ALLSKY_SFC_SW_DWN, mean)"
week39_solar_radiation,Float,Week 39 (kWh/m2/day): Mean solar radiation,"NASA POWER (ALLSKY_SFC_SW_DWN, mean)"
week40_solar_radiation,Float,Week 40 (kWh/m2/day): Mean solar radiation,"NASA POWER (ALLSKY_SFC_SW_DWN, mean)"
week41_solar_radiation,Float,Week 41 (kWh/m2/day): Mean solar radiation,"NASA POWER (ALLSKY_SFC_SW_DWN, mean)"
week42_solar_radiation,Float,Week 42 (kWh/m2/day): Mean solar radiation,"NASA POWER (ALLSKY_SFC_SW_DWN, mean)"
week43_solar_radiation,Float,Week 43 (kWh/m2/day): Mean solar radiation,"NASA POWER (ALLSKY_SFC_SW_DWN, mean)"
week44_solar_radiation,Float,Week 44 (kWh/m2/day): Mean solar radiation,"NASA POWER (ALLSKY_SFC_SW_DWN, mean)"
week45_solar_radiation,Float,Week 45 (kWh/m2/day): Mean solar radiation,"NASA POWER (ALLSKY_SFC_SW_DWN, mean)"
week46_solar_radiation,Float,Week 46 (kWh/m2/day): Mean solar radiation,"NASA POWER (ALLSKY_SFC_SW_DWN, mean)"
week47_solar_radiation,Float,Week 47 (kWh/m2/day): Mean solar radiation,"NASA POWER (ALLSKY_SFC_SW_DWN, mean)"
week48_solar_radiation,Float,Week 48 (kWh/m2/day): Mean solar radiation,"NASA POWER (ALLSKY_SFC_SW_DWN, mean)"
week49_solar_radiation,Float,Week 49 (kWh/m2/day): Mean solar radiation,"NASA POWER (ALLSKY_SFC_SW_DWN, mean)"
week50_solar_radiation,Float,Week 50 (kWh/m2/day): Mean solar radiation,"NASA POWER (ALLSKY_SFC_SW_DWN, mean)"
week51_solar_radiation,Float,Week 51 (kWh/m2/day): Mean solar radiation,"NASA POWER (ALLSKY_SFC_SW_DWN, mean)"
week52_solar_radiation,Float,Week 52 (kWh/m2/day): Mean solar radiation,"NASA POWER (ALLSKY_SFC_SW_DWN, mean)"
week01_t_min,Float,Week 1 (°C): Weekly minimum temperature,"NASA POWER (T2M_MIN, min)"
week02_t_min,Float,Week 2 (°C): Weekly minimum temperature,"NASA POWER (T2M_MIN, min)"
week03_t_min,Float,Week 3 (°C): Weekly minimum temperature,"NASA POWER (T2M_MIN, min)"
week04_t_min,Float,Week 4 (°C): Weekly minimum temperature,"NASA POWER (T2M_MIN, min)"
week05_t_min,Float,Week 5 (°C): Weekly minimum temperature,"NASA POWER (T2M_MIN, min)"
week06_t_min,Float,Week 6 (°C): Weekly minimum temperature,"NASA POWER (T2M_MIN, min)"
week07_t_min,Float,Week 7 (°C): Weekly minimum temperature,"NASA POWER (T2M_MIN, min)"
week08_t_min,Float,Week 8 (°C): Weekly minimum temperature,"NASA POWER (T2M_MIN, min)"
week09_t_min,Float,Week 9 (°C): Weekly minimum temperature,"NASA POWER (T2M_MIN, min)"
week10_t_min,Float,Week 10 (°C): Weekly minimum temperature,"NASA POWER (T2M_MIN, min)"
week11_t_min,Float,Week 11 (°C): Weekly minimum temperature,"NASA POWER (T2M_MIN, min)"
week12_t_min,Float,Week 12 (°C): Weekly minimum temperature,"NASA POWER (T2M_MIN, min)"
week13_t_min,Float,Week 13 (°C): Weekly minimum temperature,"NASA POWER (T2M_MIN, min)"
week14_t_min,Float,Week 14 (°C): Weekly minimum temperature,"NASA POWER (T2M_MIN, min)"
week15_t_min,Float,Week 15 (°C): Weekly minimum temperature,"NASA POWER (T2M_MIN, min)"
week16_t_min,Float,Week 16 (°C): Weekly minimum temperature,"NASA POWER (T2M_MIN, min)"
week17_t_min,Float,Week 17 (°C): Weekly minimum temperature,"NASA POWER (T2M_MIN, min)"
week18_t_min,Float,Week 18 (°C): Weekly minimum temperature,"NASA POWER (T2M_MIN, min)"
week19_t_min,Float,Week 19 (°C): Weekly minimum temperature,"NASA POWER (T2M_MIN, min)"
week20_t_min,Float,Week 20 (°C): Weekly minimum temperature,"NASA POWER (T2M_MIN, min)"
week21_t_min,Float,Week 21 (°C): Weekly minimum temperature,"NASA POWER (T2M_MIN, min)"
week22_t_min,Float,Week 22 (°C): Weekly minimum temperature,"NASA POWER (T2M_MIN, min)"
week23_t_min,Float,Week 23 (°C): Weekly minimum temperature,"NASA POWER (T2M_MIN, min)"
week24_t_min,Float,Week 24 (°C): Weekly minimum temperature,"NASA POWER (T2M_MIN, min)"
week25_t_min,Float,Week 25 (°C): Weekly minimum temperature,"NASA POWER (T2M_MIN, min)"
week26_t_min,Float,Week 26 (°C): Weekly minimum temperature,"NASA POWER (T2M_MIN, min)"
week27_t_min,Float,Week 27 (°C): Weekly minimum temperature,"NASA POWER (T2M_MIN, min)"
week28_t_min,Float,Week 28 (°C): Weekly minimum temperature,"NASA POWER (T2M_MIN, min)"
week29_t_min,Float,Week 29 (°C): Weekly minimum temperature,"NASA POWER (T2M_MIN, min)"
week30_t_min,Float,Week 30 (°C): Weekly minimum temperature,"NASA POWER (T2M_MIN, min)"
week31_t_min,Float,Week 31 (°C): Weekly minimum temperature,"NASA POWER (T2M_MIN, min)"
week32_t_min,Float,Week 32 (°C): Weekly minimum temperature,"NASA POWER (T2M_MIN, min)"
week33_t_min,Float,Week 33 (°C): Weekly minimum temperature,"NASA POWER (T2M_MIN, min)"
week34_t_min,Float,Week 34 (°C): Weekly minimum temperature,"NASA POWER (T2M_MIN, min)"
week35_t_min,Float,Week 35 (°C): Weekly minimum temperature,"NASA POWER (T2M_MIN, min)"
week36_t_min,Float,Week 36 (°C): Weekly minimum temperature,"NASA POWER (T2M_MIN, min)"
week37_t_min,Float,Week 37 (°C): Weekly minimum temperature,"NASA POWER (T2M_MIN, min)"
week38_t_min,Float,Week 38 (°C): Weekly minimum temperature,"NASA POWER (T2M_MIN, min)"
week39_t_min,Float,Week 39 (°C): Weekly minimum temperature,"NASA POWER (T2M_MIN, min)"
week40_t_min,Float,Week 40 (°C): Weekly minimum temperature,"NASA POWER (T2M_MIN, min)"
week41_t_min,Float,Week 41 (°C): Weekly minimum temperature,"NASA POWER (T2M_MIN, min)"
week42_t_min,Float,Week 42 (°C): Weekly minimum temperature,"NASA POWER (T2M_MIN, min)"
week43_t_min,Float,Week 43 (°C): Weekly minimum temperature,"NASA POWER (T2M_MIN, min)"
week44_t_min,Float,Week 44 (°C): Weekly minimum temperature,"NASA POWER (T2M_MIN, min)"
week45_t_min,Float,Week 45 (°C): Weekly minimum temperature,"NASA POWER (T2M_MIN, min)"
week46_t_min,Float,Week 46 (°C): Weekly minimum temperature,"NASA POWER (T2M_MIN, min)"
week47_t_min,Float,Week 47 (°C): Weekly minimum temperature,"NASA POWER (T2M_MIN, min)"
week48_t_min,Float,Week 48 (°C): Weekly minimum temperature,"NASA POWER (T2M_MIN, min)"
week49_t_min,Float,Week 49 (°C): Weekly minimum temperature,"NASA POWER (T2M_MIN, min)"
week50_t_min,Float,Week 50 (°C): Weekly minimum temperature,"NASA POWER (T2M_MIN, min)"
week51_t_min,Float,Week 51 (°C): Weekly minimum temperature,"NASA POWER (T2M_MIN, min)"
week52_t_min,Float,Week 52 (°C): Weekly minimum temperature,"NASA POWER (T2M_MIN, min)"
week01_t_max,Float,Week 1 (°C): Weekly maximum temperature,"NASA POWER (T2M_MAX, max)"
week02_t_max,Float,Week 2 (°C): Weekly maximum temperature,"NASA POWER (T2M_MAX, max)"
week03_t_max,Float,Week 3 (°C): Weekly maximum temperature,"NASA POWER (T2M_MAX, max)"
week04_t_max,Float,Week 4 (°C): Weekly maximum temperature,"NASA POWER (T2M_MAX, max)"
week05_t_max,Float,Week 5 (°C): Weekly maximum temperature,"NASA POWER (T2M_MAX, max)"
week06_t_max,Float,Week 6 (°C): Weekly maximum temperature,"NASA POWER (T2M_MAX, max)"
week07_t_max,Float,Week 7 (°C): Weekly maximum temperature,"NASA POWER (T2M_MAX, max)"
week08_t_max,Float,Week 8 (°C): Weekly maximum temperature,"NASA POWER (T2M_MAX, max)"
week09_t_max,Float,Week 9 (°C): Weekly maximum temperature,"NASA POWER (T2M_MAX, max)"
week10_t_max,Float,Week 10 (°C): Weekly maximum temperature,"NASA POWER (T2M_MAX, max)"
week11_t_max,Float,Week 11 (°C): Weekly maximum temperature,"NASA POWER (T2M_MAX, max)"
week12_t_max,Float,Week 12 (°C): Weekly maximum temperature,"NASA POWER (T2M_MAX, max)"
week13_t_max,Float,Week 13 (°C): Weekly maximum temperature,"NASA POWER (T2M_MAX, max)"
week14_t_max,Float,Week 14 (°C): Weekly maximum temperature,"NASA POWER (T2M_MAX, max)"
week15_t_max,Float,Week 15 (°C): Weekly maximum temperature,"NASA POWER (T2M_MAX, max)"
week16_t_max,Float,Week 16 (°C): Weekly maximum temperature,"NASA POWER (T2M_MAX, max)"
week17_t_max,Float,Week 17 (°C): Weekly maximum temperature,"NASA POWER (T2M_MAX, max)"
week18_t_max,Float,Week 18 (°C): Weekly maximum temperature,"NASA POWER (T2M_MAX, max)"
week19_t_max,Float,Week 19 (°C): Weekly maximum temperature,"NASA POWER (T2M_MAX, max)"
week20_t_max,Float,Week 20 (°C): Weekly maximum temperature,"NASA POWER (T2M_MAX, max)"
week21_t_max,Float,Week 21 (°C): Weekly maximum temperature,"NASA POWER (T2M_MAX, max)"
week22_t_max,Float,Week 22 (°C): Weekly maximum temperature,"NASA POWER (T2M_MAX, max)"
week23_t_max,Float,Week 23 (°C): Weekly maximum temperature,"NASA POWER (T2M_MAX, max)"
week24_t_max,Float,Week 24 (°C): Weekly maximum temperature,"NASA POWER (T2M_MAX, max)"
week25_t_max,Float,Week 25 (°C): Weekly maximum temperature,"NASA POWER (T2M_MAX, max)"
week26_t_max,Float,Week 26 (°C): Weekly maximum temperature,"NASA POWER (T2M_MAX, max)"
week27_t_max,Float,Week 27 (°C): Weekly maximum temperature,"NASA POWER (T2M_MAX, max)"
week28_t_max,Float,Week 28 (°C): Weekly maximum temperature,"NASA POWER (T2M_MAX, max)"
week29_t_max,Float,Week 29 (°C): Weekly maximum temperature,"NASA POWER (T2M_MAX, max)"
week30_t_max,Float,Week 30 (°C): Weekly maximum temperature,"NASA POWER (T2M_MAX, max)"
week31_t_max,Float,Week 31 (°C): Weekly maximum temperature,"NASA POWER (T2M_MAX, max)"
week32_t_max,Float,Week 32 (°C): Weekly maximum temperature,"NASA POWER (T2M_MAX, max)"
week33_t_max,Float,Week 33 (°C): Weekly maximum temperature,"NASA POWER (T2M_MAX, max)"
week34_t_max,Float,Week 34 (°C): Weekly maximum temperature,"NASA POWER (T2M_MAX, max)"
week35_t_max,Float,Week 35 (°C): Weekly maximum temperature,"NASA POWER (T2M_MAX, max)"
week36_t_max,Float,Week 36 (°C): Weekly maximum temperature,"NASA POWER (T2M_MAX, max)"
week37_t_max,Float,Week 37 (°C): Weekly maximum temperature,"NASA POWER (T2M_MAX, max)"
week38_t_max,Float,Week 38 (°C): Weekly maximum temperature,"NASA POWER (T2M_MAX, max)"
week39_t_max,Float,Week 39 (°C): Weekly maximum temperature,"NASA POWER (T2M_MAX, max)"
week40_t_max,Float,Week 40 (°C): Weekly maximum temperature,"NASA POWER (T2M_MAX, max)"
week41_t_max,Float,Week 41 (°C): Weekly maximum temperature,"NASA POWER (T2M_MAX, max)"
week42_t_max,Float,Week 42 (°C): Weekly maximum temperature,"NASA POWER (T2M_MAX, max)"
week43_t_max,Float,Week 43 (°C): Weekly maximum temperature,"NASA POWER (T2M_MAX, max)"
week44_t_max,Float,Week 44 (°C): Weekly maximum temperature,"NASA POWER (T2M_MAX, max)"
week45_t_max,Float,Week 45 (°C): Weekly maximum temperature,"NASA POWER (T2M_MAX, max)"
week46_t_max,Float,Week 46 (°C): Weekly maximum temperature,"NASA POWER (T2M_MAX, max)"
week47_t_max,Float,Week 47 (°C): Weekly maximum temperature,"NASA POWER (T2M_MAX, max)"
week48_t_max,Float,Week 48 (°C): Weekly maximum temperature,"NASA POWER (T2M_MAX, max)"
week49_t_max,Float,Week 49 (°C): Weekly maximum temperature,"NASA POWER (T2M_MAX, max)"
week50_t_max,Float,Week 50 (°C): Weekly maximum temperature,"NASA POWER (T2M_MAX, max)"
week51_t_max,Float,Week 51 (°C): Weekly maximum temperature,"NASA POWER (T2M_MAX, max)"
week52_t_max,Float,Week 52 (°C): Weekly maximum temperature,"NASA POWER (T2M_MAX, max)"
week01_wind_speed,Float,Week 1 (m/s): Mean wind speed at 10 m height,"NASA POWER (WS10M, mean)"
week02_wind_speed,Float,Week 2 (m/s): Mean wind speed at 10 m height,"NASA POWER (WS10M, mean)"
week03_wind_speed,Float,Week 3 (m/s): Mean wind speed at 10 m height,"NASA POWER (WS10M, mean)"
week04_wind_speed,Float,Week 4 (m/s): Mean wind speed at 10 m height,"NASA POWER (WS10M, mean)"
week05_wind_speed,Float,Week 5 (m/s): Mean wind speed at 10 m height,"NASA POWER (WS10M, mean)"
week06_wind_speed,Float,Week 6 (m/s): Mean wind speed at 10 m height,"NASA POWER (WS10M, mean)"
week07_wind_speed,Float,Week 7 (m/s): Mean wind speed at 10 m height,"NASA POWER (WS10M, mean)"
week08_wind_speed,Float,Week 8 (m/s): Mean wind speed at 10 m height,"NASA POWER (WS10M, mean)"
week09_wind_speed,Float,Week 9 (m/s): Mean wind speed at 10 m height,"NASA POWER (WS10M, mean)"
week10_wind_speed,Float,Week 10 (m/s): Mean wind speed at 10 m height,"NASA POWER (WS10M, mean)"
week11_wind_speed,Float,Week 11 (m/s): Mean wind speed at 10 m height,"NASA POWER (WS10M, mean)"
week12_wind_speed,Float,Week 12 (m/s): Mean wind speed at 10 m height,"NASA POWER (WS10M, mean)"
week13_wind_speed,Float,Week 13 (m/s): Mean wind speed at 10 m height,"NASA POWER (WS10M, mean)"
week14_wind_speed,Float,Week 14 (m/s): Mean wind speed at 10 m height,"NASA POWER (WS10M, mean)"
week15_wind_speed,Float,Week 15 (m/s): Mean wind speed at 10 m height,"NASA POWER (WS10M, mean)"
week16_wind_speed,Float,Week 16 (m/s): Mean wind speed at 10 m height,"NASA POWER (WS10M, mean)"
week17_wind_speed,Float,Week 17 (m/s): Mean wind speed at 10 m height,"NASA POWER (WS10M, mean)"
week18_wind_speed,Float,Week 18 (m/s): Mean wind speed at 10 m height,"NASA POWER (WS10M, mean)"
week19_wind_speed,Float,Week 19 (m/s): Mean wind speed at 10 m height,"NASA POWER (WS10M, mean)"
week20_wind_speed,Float,Week 20 (m/s): Mean wind speed at 10 m height,"NASA POWER (WS10M, mean)"
week21_wind_speed,Float,Week 21 (m/s): Mean wind speed at 10 m height,"NASA POWER (WS10M, mean)"
week22_wind_speed,Float,Week 22 (m/s): Mean wind speed at 10 m height,"NASA POWER (WS10M, mean)"
week23_wind_speed,Float,Week 23 (m/s): Mean wind speed at 10 m height,"NASA POWER (WS10M, mean)"
week24_wind_speed,Float,Week 24 (m/s): Mean wind speed at 10 m height,"NASA POWER (WS10M, mean)"
week25_wind_speed,Float,Week 25 (m/s): Mean wind speed at 10 m height,"NASA POWER (WS10M, mean)"
week26_wind_speed,Float,Week 26 (m/s): Mean wind speed at 10 m height,"NASA POWER (WS10M, mean)"
week27_wind_speed,Float,Week 27 (m/s): Mean wind speed at 10 m height,"NASA POWER (WS10M, mean)"
week28_wind_speed,Float,Week 28 (m/s): Mean wind speed at 10 m height,"NASA POWER (WS10M, mean)"
week29_wind_speed,Float,Week 29 (m/s): Mean wind speed at 10 m height,"NASA POWER (WS10M, mean)"
week30_wind_speed,Float,Week 30 (m/s): Mean wind speed at 10 m height,"NASA POWER (WS10M, mean)"
week31_wind_speed,Float,Week 31 (m/s): Mean wind speed at 10 m height,"NASA POWER (WS10M, mean)"
week32_wind_speed,Float,Week 32 (m/s): Mean wind speed at 10 m height,"NASA POWER (WS10M, mean)"
week33_wind_speed,Float,Week 33 (m/s): Mean wind speed at 10 m height,"NASA POWER (WS10M, mean)"
week34_wind_speed,Float,Week 34 (m/s): Mean wind speed at 10 m height,"NASA POWER (WS10M, mean)"
week35_wind_speed,Float,Week 35 (m/s): Mean wind speed at 10 m height,"NASA POWER (WS10M, mean)"
week36_wind_speed,Float,Week 36 (m/s): Mean wind speed at 10 m height,"NASA POWER (WS10M, mean)"
week37_wind_speed,Float,Week 37 (m/s): Mean wind speed at 10 m height,"NASA POWER (WS10M, mean)"
week38_wind_speed,Float,Week 38 (m/s): Mean wind speed at 10 m height,"NASA POWER (WS10M, mean)"
week39_wind_speed,Float,Week 39 (m/s): Mean wind speed at 10 m height,"NASA POWER (WS10M, mean)"
week40_wind_speed,Float,Week 40 (m/s): Mean wind speed at 10 m height,"NASA POWER (WS10M, mean)"
week41_wind_speed,Float,Week 41 (m/s): Mean wind speed at 10 m height,"NASA POWER (WS10M, mean)"
week42_wind_speed,Float,Week 42 (m/s): Mean wind speed at 10 m height,"NASA POWER (WS10M, mean)"
week43_wind_speed,Float,Week 43 (m/s): Mean wind speed at 10 m height,"NASA POWER (WS10M, mean)"
week44_wind_speed,Float,Week 44 (m/s): Mean wind speed at 10 m height,"NASA POWER (WS10M, mean)"
week45_wind_speed,Float,Week 45 (m/s): Mean wind speed at 10 m height,"NASA POWER (WS10M, mean)"
week46_wind_speed,Float,Week 46 (m/s): Mean wind speed at 10 m height,"NASA POWER (WS10M, mean)"
week47_wind_speed,Float,Week 47 (m/s): Mean wind speed at 10 m height,"NASA POWER (WS10M, mean)"
week48_wind_speed,Float,Week 48 (m/s): Mean wind speed at 10 m height,"NASA POWER (WS10M, mean)"
week49_wind_speed,Float,Week 49 (m/s): Mean wind speed at 10 m height,"NASA POWER (WS10M, mean)"
week50_wind_speed,Float,Week 50 (m/s): Mean wind speed at 10 m height,"NASA POWER (WS10M, mean)"
week51_wind_speed,Float,Week 51 (m/s): Mean wind speed at 10 m height,"NASA POWER (WS10M, mean)"
week52_wind_speed,Float,Week 52 (m/s): Mean wind speed at 10 m height,"NASA POWER (WS10M, mean)"
