station_id,station_name,observation_date,updated_at,forecast_day_index,forecast_date,forecast_max_temp_c,forecast_min_temp_c,forecast_text,forecast_icon_code,obs_max_temp_c,obs_max_dep_c,obs_min_temp_c,obs_min_dep_c,past_24h_rainfall_mm,rh_0830_pct,rh_1730_pct,sunrise,sunset,moonrise,moonset
42724,Agartala,2026-08-05,2026-08-05 08:10:05,1,2026-08-05,32.0,26.0,Generally cloudy sky with Heavy rain,15,33.2,0.5,26.3,0.8,3.8,92.0,95.0,04:56,18:06,22:10,10:50
42724,Agartala,2026-08-05,2026-08-05 08:10:05,2,2026-08-06,33.0,26.0,Generally cloudy sky with one or two spells of rain or thundershowers,14,33.2,0.5,26.3,0.8,3.8,92.0,95.0,04:56,18:06,22:10,10:50
42724,Agartala,2026-08-05,2026-08-05 08:10:05,3,2026-08-07,33.0,26.0,Generally cloudy sky with one or two spells of rain or thundershowers,14,33.2,0.5,26.3,0.8,3.8,92.0,95.0,04:56,18:06,22:10,10:50
42724,Agartala,2026-08-05,2026-08-05 08:10:05,4,2026-08-08,34.0,26.0,Generally cloudy sky with one or two spells of rain or thundershowers,14,33.2,0.5,26.3,0.8,3.8,92.0,95.0,04:56,18:06,22:10,10:50
42724,Agartala,2026-08-05,2026-08-05 08:10:05,5,2026-08-09,34.0,26.0,Generally cloudy sky with one or two spells of rain or thundershowers,14,33.2,0.5,26.3,0.8,3.8,92.0,95.0,04:56,18:06,22:10,10:50
42724,Agartala,2026-08-05,2026-08-05 08:10:05,6,2026-08-10,34.0,26.0,Generally cloudy sky with one or two spells of rain or thundershowers,14,33.2,0.5,26.3,0.8,3.8,92.0,95.0,04:56,18:06,22:10,10:50
42724,Agartala,2026-08-05,2026-08-05 08:10:05,7,2026-08-11,34.0,26.0,Generally cloudy sky with one or two spells of rain or thundershowers,14,33.2,0.5,26.3,0.8,3.8,92.0,95.0,04:56,18:06,22:10,10:50
42259,Agra (mo Taj),2026-08-05,2026-08-05 09:30:00,1,2026-08-05,31.0,26.0,Generally cloudy sky with one or two spells of rain or thundershowers,14,28.3,,27.1,0.3,5.8,91.0,92.0,05:44,19:04,22:58,11:50
42259,Agra (mo Taj),2026-08-05,2026-08-05 09:30:00,2,2026-08-06,32.0,27.0,Generally cloudy sky with one or two spells of rain or thundershowers,14,28.3,,27.1,0.3,5.8,91.0,92.0,05:44,19:04,22:58,11:50
42259,Agra (mo Taj),2026-08-05,2026-08-05 09:30:00,3,2026-08-07,33.0,26.0,Partly cloudy sky with one or two spells of rain or thundershowers,13,28.3,,27.1,0.3,5.8,91.0,92.0,05:44,19:04,22:58,11:50
42259,Agra (mo Taj),2026-08-05,2026-08-05 09:30:00,4,2026-08-08,34.0,25.0,Partly cloudy sky with one or two spells of rain or thundershowers,13,28.3,,27.1,0.3,5.8,91.0,92.0,05:44,19:04,22:58,11:50
42259,Agra (mo Taj),2026-08-05,2026-08-05 09:30:00,5,2026-08-09,34.0,25.0,Partly cloudy sky with one or two spells of rain or thundershowers,13,28.3,,27.1,0.3,5.8,91.0,92.0,05:44,19:04,22:58,11:50
42259,Agra (mo Taj),2026-08-05,2026-08-05 09:30:00,6,2026-08-10,34.0,25.0,Partly cloudy sky with one or two spells of rain or thundershowers,13,28.3,,27.1,0.3,5.8,91.0,92.0,05:44,19:04,22:58,11:50
42259,Agra (mo Taj),2026-08-05,2026-08-05 09:30:00,7,2026-08-11,35.0,25.0,Partly cloudy sky with one or two spells of rain or thundershowers,13,28.3,,27.1,0.3,5.8,91.0,92.0,05:44,19:04,22:58,11:50
42647,Ahmedabad,2026-08-05,2026-08-05 07:35:49,1,2026-08-05,32.0,26.0,Thunderstorm with rain,11,32.6,0.5,27.0,1.6,0.1,79.0,72.0,06:12,19:19,23:28,12:07
42647,Ahmedabad,2026-08-05,2026-08-05 07:35:49,2,2026-08-06,31.0,26.0,Thunderstorm with rain,11,32.6,0.5,27.0,1.6,0.1,79.0,72.0,06:12,19:19,23:28,12:07
42647,Ahmedabad,2026-08-05,2026-08-05 07:35:49,3,2026-08-07,30.0,26.0,Thunderstorm with rain,11,32.6,0.5,27.0,1.6,0.1,79.0,72.0,06:12,19:19,23:28,12:07
42647,Ahmedabad,2026-08-05,2026-08-05 07:35:49,4,2026-08-08,30.0,25.0,Thunderstorm with rain,11,32.6,0.5,27.0,1.6,0.1,79.0,72.0,06:12,19:19,23:28,12:07
42647,Ahmedabad,2026-08-05,2026-08-05 07:35:49,5,2026-08-09,32.0,25.0,Thunderstorm with rain,11,32.6,0.5,27.0,1.6,0.1,79.0,72.0,06:12,19:19,23:28,12:07
42647,Ahmedabad,2026-08-05,2026-08-05 07:35:49,6,2026-08-10,34.0,25.0,Thunderstorm with rain,11,32.6,0.5,27.0,1.6,0.1,79.0,72.0,06:12,19:19,23:28,12:07
42647,Ahmedabad,2026-08-05,2026-08-05 07:35:49,7,2026-08-11,33.0,26.0,Thunderstorm with rain,11,32.6,0.5,27.0,1.6,0.1,79.0,72.0,06:12,19:19,23:28,12:07
43014,Aurangabad,2026-08-05,2026-08-05 05:56:47,1,2026-08-05,30.0,22.0,Generally cloudy sky with Light rain,13,29.6,1.2,22.9,1.0,2.4,89.0,81.0,06:06,19:04,23:22,11:50
43014,Aurangabad,2026-08-05,2026-08-05 05:56:47,2,2026-08-06,31.0,22.0,Generally cloudy sky with Light rain,13,29.6,1.2,22.9,1.0,2.4,89.0,81.0,06:06,19:04,23:22,11:50
43014,Aurangabad,2026-08-05,2026-08-05 05:56:47,3,2026-08-07,32.0,23.0,Generally cloudy sky with Light rain,13,29.6,1.2,22.9,1.0,2.4,89.0,81.0,06:06,19:04,23:22,11:50
43014,Aurangabad,2026-08-05,2026-08-05 05:56:47,4,2026-08-08,32.0,23.0,Generally cloudy sky with Light rain,13,29.6,1.2,22.9,1.0,2.4,89.0,81.0,06:06,19:04,23:22,11:50
43014,Aurangabad,2026-08-05,2026-08-05 05:56:47,5,2026-08-09,31.0,23.0,Generally cloudy sky with Light rain,13,29.6,1.2,22.9,1.0,2.4,89.0,81.0,06:06,19:04,23:22,11:50
43014,Aurangabad,2026-08-05,2026-08-05 05:56:47,6,2026-08-10,31.0,23.0,Generally cloudy sky with Light rain,13,29.6,1.2,22.9,1.0,2.4,89.0,81.0,06:06,19:04,23:22,11:50
43014,Aurangabad,2026-08-05,2026-08-05 05:56:47,7,2026-08-11,31.0,23.0,Generally cloudy sky with Light rain,13,29.6,1.2,22.9,1.0,2.4,89.0,81.0,06:06,19:04,23:22,11:50
43198,Belagavi,2026-08-05,2026-08-05 04:40:06,1,2026-08-05,28.0,21.0,Generally cloudy sky with Light rain,13,27.9,2.0,21.2,0.9,2.8,96.0,89.0,06:14,19:01,23:31,11:48
43198,Belagavi,2026-08-05,2026-08-05 04:40:06,2,2026-08-06,26.0,21.0,Generally cloudy sky with Light rain,13,27.9,2.0,21.2,0.9,2.8,96.0,89.0,06:14,19:01,23:31,11:48
43198,Belagavi,2026-08-05,2026-08-05 04:40:06,3,2026-08-07,26.0,21.0,Generally cloudy sky with Light rain,13,27.9,2.0,21.2,0.9,2.8,96.0,89.0,06:14,19:01,23:31,11:48
43198,Belagavi,2026-08-05,2026-08-05 04:40:06,4,2026-08-08,26.0,21.0,Generally cloudy sky with Light rain,13,27.9,2.0,21.2,0.9,2.8,96.0,89.0,06:14,19:01,23:31,11:48
43198,Belagavi,2026-08-05,2026-08-05 04:40:06,5,2026-08-09,26.0,21.0,Generally cloudy sky with Light rain,13,27.9,2.0,21.2,0.9,2.8,96.0,89.0,06:14,19:01,23:31,11:48
43198,Belagavi,2026-08-05,2026-08-05 04:40:06,6,2026-08-10,28.0,21.0,Partly cloudy sky,3,27.9,2.0,21.2,0.9,2.8,96.0,89.0,06:14,19:01,23:31,11:48
43198,Belagavi,2026-08-05,2026-08-05 04:40:06,7,2026-08-11,,,,,27.9,2.0,21.2,0.9,2.8,96.0,89.0,06:14,19:01,23:31,11:48
43295,Bengaluru-city,2026-08-05,2026-08-05 05:00:08,1,2026-08-05,29.0,21.0,Generally cloudy sky with Light rain,13,28.3,0.5,20.7,0.7,1.9,91.0,84.0,06:06,18:46,23:23,11:32
43295,Bengaluru-city,2026-08-05,2026-08-05 05:00:08,2,2026-08-06,30.0,21.0,Generally cloudy sky with Light rain,13,28.3,0.5,20.7,0.7,1.9,91.0,84.0,06:06,18:46,23:23,11:32
43295,Bengaluru-city,2026-08-05,2026-08-05 05:00:08,3,2026-08-07,30.0,21.0,Generally cloudy sky with Light rain,13,28.3,0.5,20.7,0.7,1.9,91.0,84.0,06:06,18:46,23:23,11:32
43295,Bengaluru-city,2026-08-05,2026-08-05 05:00:08,4,2026-08-08,30.0,21.0,Generally cloudy sky with Light rain,13,28.3,0.5,20.7,0.7,1.9,91.0,84.0,06:06,18:46,23:23,11:32
43295,Bengaluru-city,2026-08-05,2026-08-05 05:00:08,5,2026-08-09,30.0,22.0,Generally cloudy sky with Light Rain or Drizzle,13,28.3,0.5,20.7,0.7,1.9,91.0,84.0,06:06,18:46,23:23,11:32
43295,Bengaluru-city,2026-08-05,2026-08-05 05:00:08,6,2026-08-10,29.0,22.0,Generally cloudy sky with Light rain,13,28.3,0.5,20.7,0.7,1.9,91.0,84.0,06:06,18:46,23:23,11:32
43295,Bengaluru-city,2026-08-05,2026-08-05 05:00:08,7,2026-08-11,29.0,22.0,Generally cloudy sky with Light rain,13,28.3,0.5,20.7,0.7,1.9,91.0,84.0,06:06,18:46,23:23,11:32
42667,Bhopal-arera Hills,2026-08-05,2026-08-05 04:54:21,1,2026-08-05,31.0,24.0,Partly cloudy sky with possibility of rain or Thunderstorm or Duststorm,8,31.0,2.5,24.2,1.0,0.0,89.0,84.0,05:53,19:01,23:08,11:47
42667,Bhopal-arera Hills,2026-08-05,2026-08-05 04:54:21,2,2026-08-06,29.0,24.0,Partly cloudy sky with possibility of rain or Thunderstorm or Duststorm,8,31.0,2.5,24.2,1.0,0.0,89.0,84.0,05:53,19:01,23:08,11:47
42667,Bhopal-arera Hills,2026-08-05,2026-08-05 04:54:21,3,2026-08-07,28.0,23.0,Partly cloudy sky with possibility of rain or Thunderstorm or Duststorm,8,31.0,2.5,24.2,1.0,0.0,89.0,84.0,05:53,19:01,23:08,11:47
42667,Bhopal-arera Hills,2026-08-05,2026-08-05 04:54:21,4,2026-08-08,29.0,23.0,Partly cloudy sky with possibility of rain or Thunderstorm or Duststorm,8,31.0,2.5,24.2,1.0,0.0,89.0,84.0,05:53,19:01,23:08,11:47
42667,Bhopal-arera Hills,2026-08-05,2026-08-05 04:54:21,5,2026-08-09,28.0,22.0,Partly cloudy sky with possibility of rain or Thunderstorm or Duststorm,8,31.0,2.5,24.2,1.0,0.0,89.0,84.0,05:53,19:01,23:08,11:47
42667,Bhopal-arera Hills,2026-08-05,2026-08-05 04:54:21,6,2026-08-10,28.0,23.0,Partly cloudy sky with possibility of rain or Thunderstorm or Duststorm,8,31.0,2.5,24.2,1.0,0.0,89.0,84.0,05:53,19:01,23:08,11:47
42667,Bhopal-arera Hills,2026-08-05,2026-08-05 04:54:21,7,2026-08-11,28.0,22.0,Partly cloudy sky with possibility of rain or Thunderstorm or Duststorm,8,31.0,2.5,24.2,1.0,0.0,89.0,84.0,05:53,19:01,23:08,11:47
42971,Bhubneshwar-airport,2026-08-05,2026-08-05 08:00:32,1,2026-08-05,34.0,26.0,Generally cloudy sky with possibility of rain or Thunderstorm or Duststorm,9,35.1,3.5,26.6,1.2,18.0,90.0,66.0,05:10,18:30,18:14,04:14
42971,Bhubneshwar-airport,2026-08-05,2026-08-05 08:00:32,2,2026-08-06,33.0,25.0,Generally cloudy sky with possibility of rain or Thunderstorm or Duststorm,9,35.1,3.5,26.6,1.2,18.0,90.0,66.0,05:10,18:30,18:14,04:14
42971,Bhubneshwar-airport,2026-08-05,2026-08-05 08:00:32,3,2026-08-07,33.0,25.0,Generally cloudy sky with possibility of rain or Thunderstorm or Duststorm,9,35.1,3.5,26.6,1.2,18.0,90.0,66.0,05:10,18:30,18:14,04:14
42971,Bhubneshwar-airport,2026-08-05,2026-08-05 08:00:32,4,2026-08-08,34.0,26.0,Generally cloudy sky with possibility of rain or Thunderstorm or Duststorm,9,35.1,3.5,26.6,1.2,18.0,90.0,66.0,05:10,18:30,18:14,04:14
42971,Bhubneshwar-airport,2026-08-05,2026-08-05 08:00:32,5,2026-08-09,34.0,26.0,Generally cloudy sky with possibility of rain or Thunderstorm or Duststorm,9,35.1,3.5,26.6,1.2,18.0,90.0,66.0,05:10,18:30,18:14,04:14
42971,Bhubneshwar-airport,2026-08-05,2026-08-05 08:00:32,6,2026-08-10,35.0,26.0,Generally cloudy sky with possibility of rain or Thunderstorm or Duststorm,9,35.1,3.5,26.6,1.2,18.0,90.0,66.0,05:10,18:30,18:14,04:14
42971,Bhubneshwar-airport,2026-08-05,2026-08-05 08:00:32,7,2026-08-11,35.0,26.0,Generally cloudy sky with possibility of rain or Thunderstorm or Duststorm,9,35.1,3.5,26.6,1.2,18.0,90.0,66.0,05:10,18:30,18:14,04:14
42165,Bikaner,2026-08-05,2026-08-05 06:32:26,1,2026-08-05,36.0,27.0,Partly cloudy sky,3,34.2,-3.0,27.5,-0.2,5.2,85.0,92.0,06:01,19:24,23:16,12:11
42165,Bikaner,2026-08-05,2026-08-05 06:32:26,2,2026-08-06,38.0,26.0,Partly cloudy sky,3,34.2,-3.0,27.5,-0.2,5.2,85.0,92.0,06:01,19:24,23:16,12:11
42165,Bikaner,2026-08-05,2026-08-05 06:32:26,3,2026-08-07,38.0,26.0,Generally cloudy sky with Light Rain or Drizzle,13,34.2,-3.0,27.5,-0.2,5.2,85.0,92.0,06:01,19:24,23:16,12:11
42165,Bikaner,2026-08-05,2026-08-05 06:32:26,4,2026-08-08,37.0,25.0,Generally cloudy sky with Light Rain or Drizzle,13,34.2,-3.0,27.5,-0.2,5.2,85.0,92.0,06:01,19:24,23:16,12:11
42165,Bikaner,2026-08-05,2026-08-05 06:32:26,5,2026-08-09,37.0,26.0,Thunderstorm with rain,11,34.2,-3.0,27.5,-0.2,5.2,85.0,92.0,06:01,19:24,23:16,12:11
42165,Bikaner,2026-08-05,2026-08-05 06:32:26,6,2026-08-10,37.0,27.0,Thunderstorm with rain,11,34.2,-3.0,27.5,-0.2,5.2,85.0,92.0,06:01,19:24,23:16,12:11
42165,Bikaner,2026-08-05,2026-08-05 06:32:26,7,2026-08-11,35.0,27.0,Generally cloudy sky with Light Rain or Drizzle,13,34.2,-3.0,27.5,-0.2,5.2,85.0,92.0,06:01,19:24,23:16,12:11
43279,Chennai- Meenambakkam,2026-08-05,2026-08-05 04:06:29,1,2026-08-05,36.0,26.0,Partly cloudy sky with possibility of moderate rain or Thunderstorm,14,36.0,0.8,24.4,-1.5,31.2,89.0,70.0,05:56,18:35,23:13,11:21
43279,Chennai- Meenambakkam,2026-08-05,2026-08-05 04:06:29,2,2026-08-06,36.0,26.0,Generally cloudy sky with moderate rain,14,36.0,0.8,24.4,-1.5,31.2,89.0,70.0,05:56,18:35,23:13,11:21
43279,Chennai- Meenambakkam,2026-08-05,2026-08-05 04:06:29,3,2026-08-07,36.0,26.0,Generally cloudy sky with moderate rain,14,36.0,0.8,24.4,-1.5,31.2,89.0,70.0,05:56,18:35,23:13,11:21
43279,Chennai- Meenambakkam,2026-08-05,2026-08-05 04:06:29,4,2026-08-08,36.0,25.0,Generally cloudy sky with Light rain,13,36.0,0.8,24.4,-1.5,31.2,89.0,70.0,05:56,18:35,23:13,11:21
43279,Chennai- Meenambakkam,2026-08-05,2026-08-05 04:06:29,5,2026-08-09,36.0,25.0,Generally cloudy sky with Light rain,13,36.0,0.8,24.4,-1.5,31.2,89.0,70.0,05:56,18:35,23:13,11:21
43279,Chennai- Meenambakkam,2026-08-05,2026-08-05 04:06:29,6,2026-08-10,36.0,26.0,Generally cloudy sky with Light rain,13,36.0,0.8,24.4,-1.5,31.2,89.0,70.0,05:56,18:35,23:13,11:21
43279,Chennai- Meenambakkam,2026-08-05,2026-08-05 04:06:29,7,2026-08-11,37.0,27.0,Generally cloudy sky with Light rain,13,36.0,0.8,24.4,-1.5,31.2,89.0,70.0,05:56,18:35,23:13,11:21
43278,Chennai-nungambakkam,2026-08-05,2026-08-05 04:06:00,1,2026-08-05,36.0,26.0,Partly cloudy sky with possibility of moderate rain or Thunderstorm,14,36.1,0.9,25.0,-1.4,33.4,88.0,72.0,05:55,18:35,23:12,11:21
43278,Chennai-nungambakkam,2026-08-05,2026-08-05 04:06:00,2,2026-08-06,36.0,27.0,Generally cloudy sky with moderate rain,14,36.1,0.9,25.0,-1.4,33.4,88.0,72.0,05:55,18:35,23:12,11:21
43278,Chennai-nungambakkam,2026-08-05,2026-08-05 04:06:00,3,2026-08-07,36.0,27.0,Generally cloudy sky with moderate rain,14,36.1,0.9,25.0,-1.4,33.4,88.0,72.0,05:55,18:35,23:12,11:21
43278,Chennai-nungambakkam,2026-08-05,2026-08-05 04:06:00,4,2026-08-08,36.0,27.0,Generally cloudy sky with Light rain,13,36.1,0.9,25.0,-1.4,33.4,88.0,72.0,05:55,18:35,23:12,11:21
43278,Chennai-nungambakkam,2026-08-05,2026-08-05 04:06:00,5,2026-08-09,37.0,28.0,Generally cloudy sky with Light rain,13,36.1,0.9,25.0,-1.4,33.4,88.0,72.0,05:55,18:35,23:12,11:21
43278,Chennai-nungambakkam,2026-08-05,2026-08-05 04:06:00,6,2026-08-10,37.0,28.0,Generally cloudy sky with Light rain,13,36.1,0.9,25.0,-1.4,33.4,88.0,72.0,05:55,18:35,23:12,11:21
43278,Chennai-nungambakkam,2026-08-05,2026-08-05 04:06:00,7,2026-08-11,37.0,27.0,Generally cloudy sky with Light rain,13,36.1,0.9,25.0,-1.4,33.4,88.0,72.0,05:55,18:35,23:12,11:21
42515,Cherrapunji,2026-08-05,2026-08-05 06:03:36,1,2026-08-05,24.0,19.0,Generally cloudy sky,4,21.9,-2.0,19.0,,168.0,98.0,95.0,04:52,18:06,22:05,10:50
42515,Cherrapunji,2026-08-05,2026-08-05 06:03:36,2,2026-08-06,22.0,19.0,Generally cloudy sky,4,21.9,-2.0,19.0,,168.0,98.0,95.0,04:52,18:06,22:05,10:50
42515,Cherrapunji,2026-08-05,2026-08-05 06:03:36,3,2026-08-07,23.0,19.0,Generally cloudy sky,4,21.9,-2.0,19.0,,168.0,98.0,95.0,04:52,18:06,22:05,10:50
42515,Cherrapunji,2026-08-05,2026-08-05 06:03:36,4,2026-08-08,23.0,19.0,Generally cloudy sky,4,21.9,-2.0,19.0,,168.0,98.0,95.0,04:52,18:06,22:05,10:50
42515,Cherrapunji,2026-08-05,2026-08-05 06:03:36,5,2026-08-09,22.0,19.0,Generally cloudy sky,4,21.9,-2.0,19.0,,168.0,98.0,95.0,04:52,18:06,22:05,10:50
42515,Cherrapunji,2026-08-05,2026-08-05 06:03:36,6,2026-08-10,22.0,19.0,Partly cloudy sky,3,21.9,-2.0,19.0,,168.0,98.0,95.0,04:52,18:06,22:05,10:50
42515,Cherrapunji,2026-08-05,2026-08-05 06:03:36,7,2026-08-11,24.0,20.0,Partly cloudy sky,3,21.9,-2.0,19.0,,168.0,98.0,95.0,04:52,18:06,22:05,10:50
43233,Chitradurga,2026-08-05,2026-08-05 04:10:06,1,2026-08-05,27.0,22.0,Generally cloudy sky with Light rain,13,26.3,-1.3,21.6,0.8,16.2,89.0,93.0,06:09,18:52,23:26,11:38
43233,Chitradurga,2026-08-05,2026-08-05 04:10:06,2,2026-08-06,31.0,22.0,Generally cloudy sky with Light rain,13,26.3,-1.3,21.6,0.8,16.2,89.0,93.0,06:09,18:52,23:26,11:38
43233,Chitradurga,2026-08-05,2026-08-05 04:10:06,3,2026-08-07,31.0,22.0,Generally cloudy sky with Light rain,13,26.3,-1.3,21.6,0.8,16.2,89.0,93.0,06:09,18:52,23:26,11:38
43233,Chitradurga,2026-08-05,2026-08-05 04:10:06,4,2026-08-08,31.0,22.0,Generally cloudy sky with Light rain,13,26.3,-1.3,21.6,0.8,16.2,89.0,93.0,06:09,18:52,23:26,11:38
43233,Chitradurga,2026-08-05,2026-08-05 04:10:06,5,2026-08-09,31.0,22.0,Generally cloudy sky with Light rain,13,26.3,-1.3,21.6,0.8,16.2,89.0,93.0,06:09,18:52,23:26,11:38
43233,Chitradurga,2026-08-05,2026-08-05 04:10:06,6,2026-08-10,33.0,21.0,Partly cloudy sky,3,26.3,-1.3,21.6,0.8,16.2,89.0,93.0,06:09,18:52,23:26,11:38
43233,Chitradurga,2026-08-05,2026-08-05 04:10:06,7,2026-08-11,,,,,26.3,-1.3,21.6,0.8,16.2,89.0,93.0,06:09,18:52,23:26,11:38
43321,Coimbatore,2026-08-05,2026-08-05 04:09:26,1,2026-08-05,32.0,22.0,Partly cloudy sky with possibility of moderate rain or Thunderstorm,14,32.4,0.9,21.6,-0.8,0.01,82.0,54.0,06:11,18:45,23:29,11:32
43321,Coimbatore,2026-08-05,2026-08-05 04:09:26,2,2026-08-06,32.0,21.0,Generally cloudy sky with Light rain,13,32.4,0.9,21.6,-0.8,0.01,82.0,54.0,06:11,18:45,23:29,11:32
43321,Coimbatore,2026-08-05,2026-08-05 04:09:26,3,2026-08-07,32.0,21.0,Generally cloudy sky with moderate rain,14,32.4,0.9,21.6,-0.8,0.01,82.0,54.0,06:11,18:45,23:29,11:32
43321,Coimbatore,2026-08-05,2026-08-05 04:09:26,4,2026-08-08,33.0,22.0,Generally cloudy sky with moderate rain,14,32.4,0.9,21.6,-0.8,0.01,82.0,54.0,06:11,18:45,23:29,11:32
43321,Coimbatore,2026-08-05,2026-08-05 04:09:26,5,2026-08-09,33.0,22.0,Generally cloudy sky with Light rain,13,32.4,0.9,21.6,-0.8,0.01,82.0,54.0,06:11,18:45,23:29,11:32
43321,Coimbatore,2026-08-05,2026-08-05 04:09:26,6,2026-08-10,33.0,22.0,Generally cloudy sky with Light rain,13,32.4,0.9,21.6,-0.8,0.01,82.0,54.0,06:11,18:45,23:29,11:32
43321,Coimbatore,2026-08-05,2026-08-05 04:09:26,7,2026-08-11,33.0,22.0,Generally cloudy sky with Light rain,13,32.4,0.9,21.6,-0.8,0.01,82.0,54.0,06:11,18:45,23:29,11:32
42111,Dehradun-mokhampur,2026-08-05,2026-08-05 06:43:35,1,2026-08-05,31.0,23.0,Generally cloudy sky with a few spells of rain or thundershowers,15,31.2,0.8,23.4,0.0,20.0,98.0,77.0,05:39,19:09,22:52,11:55
42111,Dehradun-mokhampur,2026-08-05,2026-08-05 06:43:35,2,2026-08-06,30.0,23.0,Generally cloudy sky with a few spells of rain or thundershowers,15,31.2,0.8,23.4,0.0,20.0,98.0,77.0,05:39,19:09,22:52,11:55
42111,Dehradun-mokhampur,2026-08-05,2026-08-05 06:43:35,3,2026-08-07,32.0,23.0,Generally cloudy sky with one or two spells of rain or thundershowers,14,31.2,0.8,23.4,0.0,20.0,98.0,77.0,05:39,19:09,22:52,11:55
42111,Dehradun-mokhampur,2026-08-05,2026-08-05 06:43:35,4,2026-08-08,32.0,23.0,Generally cloudy sky with one or two spells of rain or thundershowers,14,31.2,0.8,23.4,0.0,20.0,98.0,77.0,05:39,19:09,22:52,11:55
42111,Dehradun-mokhampur,2026-08-05,2026-08-05 06:43:35,5,2026-08-09,31.0,23.0,Generally cloudy sky with one or two spells of rain or thundershowers,14,31.2,0.8,23.4,0.0,20.0,98.0,77.0,05:39,19:09,22:52,11:55
42111,Dehradun-mokhampur,2026-08-05,2026-08-05 06:43:35,6,2026-08-10,32.0,23.0,Generally cloudy sky with one or two spells of rain or thundershowers,14,31.2,0.8,23.4,0.0,20.0,98.0,77.0,05:39,19:09,22:52,11:55
42111,Dehradun-mokhampur,2026-08-05,2026-08-05 06:43:35,7,2026-08-11,32.0,23.0,Generally cloudy sky with a few spells of rain or thundershowers,15,31.2,0.8,23.4,0.0,20.0,98.0,77.0,05:39,19:09,22:52,11:55
42314,Dibrugarh,2026-08-05,2026-08-05 05:12:59,1,2026-08-05,32.0,25.0,Generally cloudy sky with one or two spells of rain or thundershowers,14,29.8,-2.7,23.6,-1.8,24.4,86.0,96.0,04:35,17:57,21:48,10:40
42314,Dibrugarh,2026-08-05,2026-08-05 05:12:59,2,2026-08-06,32.0,25.0,Generally cloudy sky with one or two spells of rain or thundershowers,14,29.8,-2.7,23.6,-1.8,24.4,86.0,96.0,04:35,17:57,21:48,10:40
42314,Dibrugarh,2026-08-05,2026-08-05 05:12:59,3,2026-08-07,32.0,25.0,Generally cloudy sky with one or two spells of rain or thundershowers,14,29.8,-2.7,23.6,-1.8,24.4,86.0,96.0,04:35,17:57,21:48,10:40
42314,Dibrugarh,2026-08-05,2026-08-05 05:12:59,4,2026-08-08,33.0,27.0,Generally cloudy sky with one or two spells of rain or thundershowers,14,29.8,-2.7,23.6,-1.8,24.4,86.0,96.0,04:35,17:57,21:48,10:40
42314,Dibrugarh,2026-08-05,2026-08-05 05:12:59,5,2026-08-09,35.0,27.0,Partly cloudy sky with one or two spells of rain or thundershowers,13,29.8,-2.7,23.6,-1.8,24.4,86.0,96.0,04:35,17:57,21:48,10:40
42314,Dibrugarh,2026-08-05,2026-08-05 05:12:59,6,2026-08-10,34.0,26.0,Generally cloudy sky with one or two spells of rain or thundershowers,14,29.8,-2.7,23.6,-1.8,24.4,86.0,96.0,04:35,17:57,21:48,10:40
42314,Dibrugarh,2026-08-05,2026-08-05 05:12:59,7,2026-08-11,34.0,26.0,Generally cloudy sky with one or two spells of rain or thundershowers,14,29.8,-2.7,23.6,-1.8,24.4,86.0,96.0,04:35,17:57,21:48,10:40
42591,Gaya,2026-08-05,2026-08-05 06:29:14,1,2026-08-05,32.0,27.0,Generally cloudy sky with one or two spells of rain or thundershowers,14,34.4,1.1,25.8,0.3,5.0,92.0,92.0,05:20,18:33,22:34,11:18
42591,Gaya,2026-08-05,2026-08-05 06:29:14,2,2026-08-06,31.0,26.0,Generally cloudy sky with one or two spells of rain or thundershowers,14,34.4,1.1,25.8,0.3,5.0,92.0,92.0,05:20,18:33,22:34,11:18
42591,Gaya,2026-08-05,2026-08-05 06:29:14,3,2026-08-07,32.0,26.0,Generally cloudy sky with one or two spells of rain or thundershowers,14,34.4,1.1,25.8,0.3,5.0,92.0,92.0,05:20,18:33,22:34,11:18
42591,Gaya,2026-08-05,2026-08-05 06:29:14,4,2026-08-08,33.0,26.0,Partly cloudy sky with one or two spells of rain or thundershowers,13,34.4,1.1,25.8,0.3,5.0,92.0,92.0,05:20,18:33,22:34,11:18
42591,Gaya,2026-08-05,2026-08-05 06:29:14,5,2026-08-09,34.0,27.0,Partly cloudy sky with one or two spells of rain or thundershowers,13,34.4,1.1,25.8,0.3,5.0,92.0,92.0,05:20,18:33,22:34,11:18
42591,Gaya,2026-08-05,2026-08-05 06:29:14,6,2026-08-10,34.0,28.0,Generally cloudy sky with one or two spells of rain or thundershowers,14,34.4,1.1,25.8,0.3,5.0,92.0,92.0,05:20,18:33,22:34,11:18
42591,Gaya,2026-08-05,2026-08-05 06:29:14,7,2026-08-11,34.4,26.6,Partly cloudy sky with one or two spells of rain or thundershowers,13,34.4,1.1,25.8,0.3,5.0,92.0,92.0,05:20,18:33,22:34,11:18
42379,Gorakhpur,2026-08-05,2026-08-05 10:12:17,1,2026-08-05,33.0,26.0,Generally cloudy sky with a few spells of rain or thundershowers,15,34.0,0.6,26.4,0.3,0.0,80.0,81.0,05:23,18:42,22:37,11:27
42379,Gorakhpur,2026-08-05,2026-08-05 10:12:17,2,2026-08-06,34.0,25.0,Partly cloudy sky with one or two spells of rain or thundershowers,13,34.0,0.6,26.4,0.3,0.0,80.0,81.0,05:23,18:42,22:37,11:27
42379,Gorakhpur,2026-08-05,2026-08-05 10:12:17,3,2026-08-07,32.0,25.0,Partly cloudy sky with one or two spells of rain or thundershowers,13,34.0,0.6,26.4,0.3,0.0,80.0,81.0,05:23,18:42,22:37,11:27
42379,Gorakhpur,2026-08-05,2026-08-05 10:12:17,4,2026-08-08,32.0,25.0,Partly cloudy sky with one or two spells of rain or thundershowers,13,34.0,0.6,26.4,0.3,0.0,80.0,81.0,05:23,18:42,22:37,11:27
42379,Gorakhpur,2026-08-05,2026-08-05 10:12:17,5,2026-08-09,33.0,25.0,Partly cloudy sky with one or two spells of rain or thundershowers,13,34.0,0.6,26.4,0.3,0.0,80.0,81.0,05:23,18:42,22:37,11:27
42379,Gorakhpur,2026-08-05,2026-08-05 10:12:17,6,2026-08-10,33.0,25.0,Partly cloudy sky with one or two spells of rain or thundershowers,13,34.0,0.6,26.4,0.3,0.0,80.0,81.0,05:23,18:42,22:37,11:27
42379,Gorakhpur,2026-08-05,2026-08-05 10:12:17,7,2026-08-11,34.0,25.0,Partly cloudy sky with one or two spells of rain or thundershowers,13,34.0,0.6,26.4,0.3,0.0,80.0,81.0,05:23,18:42,22:37,11:27
42410,Guwahati-airport,2026-08-05,2026-08-05 05:50:06,1,2026-08-05,31.0,27.0,Generally cloudy sky with Heavy rain,15,36.0,2.3,,,51.6,97.0,81.0,04:51,18:08,22:04,10:51
42410,Guwahati-airport,2026-08-05,2026-08-05 05:50:06,2,2026-08-06,33.0,26.0,Generally cloudy sky with a few spells of rain or thundershowers,15,36.0,2.3,,,51.6,97.0,81.0,04:51,18:08,22:04,10:51
42410,Guwahati-airport,2026-08-05,2026-08-05 05:50:06,3,2026-08-07,34.0,27.0,Generally cloudy sky with one or two spells of rain or thundershowers,14,36.0,2.3,,,51.6,97.0,81.0,04:51,18:08,22:04,10:51
42410,Guwahati-airport,2026-08-05,2026-08-05 05:50:06,4,2026-08-08,35.0,27.0,Partly cloudy sky with one or two spells of rain or thundershowers,13,36.0,2.3,,,51.6,97.0,81.0,04:51,18:08,22:04,10:51
42410,Guwahati-airport,2026-08-05,2026-08-05 05:50:06,5,2026-08-09,35.0,27.0,Partly cloudy sky with one or two spells of rain or thundershowers,13,36.0,2.3,,,51.6,97.0,81.0,04:51,18:08,22:04,10:51
42410,Guwahati-airport,2026-08-05,2026-08-05 05:50:06,6,2026-08-10,35.0,27.0,Partly cloudy sky with one or two spells of rain or thundershowers,13,36.0,2.3,,,51.6,97.0,81.0,04:51,18:08,22:04,10:51
42410,Guwahati-airport,2026-08-05,2026-08-05 05:50:06,7,2026-08-11,34.0,27.0,Generally cloudy sky with one or two spells of rain or thundershowers,14,36.0,2.3,,,51.6,97.0,81.0,04:51,18:08,22:04,10:51
42361,Gwalior,2026-08-05,2026-08-05 04:54:45,1,2026-08-05,29.0,26.0,Generally cloudy sky with moderate rain,14,28.2,-5.1,26.0,-0.2,45.4,100.0,100.0,05:44,19:02,22:59,11:48
42361,Gwalior,2026-08-05,2026-08-05 04:54:45,2,2026-08-06,28.0,25.0,Generally cloudy sky with moderate rain,14,28.2,-5.1,26.0,-0.2,45.4,100.0,100.0,05:44,19:02,22:59,11:48
42361,Gwalior,2026-08-05,2026-08-05 04:54:45,3,2026-08-07,28.0,25.0,Generally cloudy sky with moderate rain,14,28.2,-5.1,26.0,-0.2,45.4,100.0,100.0,05:44,19:02,22:59,11:48
42361,Gwalior,2026-08-05,2026-08-05 04:54:45,4,2026-08-08,30.0,25.0,Partly cloudy sky with possibility of rain or Thunderstorm or Duststorm,8,28.2,-5.1,26.0,-0.2,45.4,100.0,100.0,05:44,19:02,22:59,11:48
42361,Gwalior,2026-08-05,2026-08-05 04:54:45,5,2026-08-09,31.0,26.0,Generally cloudy sky with moderate rain,14,28.2,-5.1,26.0,-0.2,45.4,100.0,100.0,05:44,19:02,22:59,11:48
42361,Gwalior,2026-08-05,2026-08-05 04:54:45,6,2026-08-10,31.0,26.0,Generally cloudy sky with moderate rain,14,28.2,-5.1,26.0,-0.2,45.4,100.0,100.0,05:44,19:02,22:59,11:48
42361,Gwalior,2026-08-05,2026-08-05 04:54:45,7,2026-08-11,31.0,26.0,Partly cloudy sky with possibility of rain or Thunderstorm or Duststorm,8,28.2,-5.1,26.0,-0.2,45.4,100.0,100.0,05:44,19:02,22:59,11:48
42131,Hisar,2026-08-05,2026-08-05 08:51:47,1,2026-08-05,34.0,26.0,Partly cloudy sky with one or two spells of rain or thundershowers,13,30.5,-5.2,26.4,-1.0,7.5,81.0,83.0,05:50,19:17,23:04,12:03
42131,Hisar,2026-08-05,2026-08-05 08:51:47,2,2026-08-06,35.0,26.0,Partly cloudy sky with one or two spells of rain or thundershowers,13,30.5,-5.2,26.4,-1.0,7.5,81.0,83.0,05:50,19:17,23:04,12:03
42131,Hisar,2026-08-05,2026-08-05 08:51:47,3,2026-08-07,35.0,26.0,Partly cloudy sky with one or two spells of rain or thundershowers,13,30.5,-5.2,26.4,-1.0,7.5,81.0,83.0,05:50,19:17,23:04,12:03
42131,Hisar,2026-08-05,2026-08-05 08:51:47,4,2026-08-08,36.0,27.0,Partly cloudy sky with one or two spells of rain or thundershowers,13,30.5,-5.2,26.4,-1.0,7.5,81.0,83.0,05:50,19:17,23:04,12:03
42131,Hisar,2026-08-05,2026-08-05 08:51:47,5,2026-08-09,36.0,26.0,Partly cloudy sky with one or two spells of rain or thundershowers,13,30.5,-5.2,26.4,-1.0,7.5,81.0,83.0,05:50,19:17,23:04,12:03
42131,Hisar,2026-08-05,2026-08-05 08:51:47,6,2026-08-10,36.0,26.0,Partly cloudy sky with one or two spells of rain or thundershowers,13,30.5,-5.2,26.4,-1.0,7.5,81.0,83.0,05:50,19:17,23:04,12:03
42131,Hisar,2026-08-05,2026-08-05 08:51:47,7,2026-08-11,35.0,26.0,Partly cloudy sky with one or two spells of rain or thundershowers,13,30.5,-5.2,26.4,-1.0,7.5,81.0,83.0,05:50,19:17,23:04,12:03
43128,Hyderabad,2026-08-05,2026-08-05 04:04:58,1,2026-08-05,30.0,23.0,Partly cloudy sky with one or two spells of rain or thundershowers,13,29.7,-0.6,24.3,1.9,0.1,87.0,82.0,05:56,18:48,23:13,11:34
43128,Hyderabad,2026-08-05,2026-08-05 04:04:58,2,2026-08-06,31.0,23.0,Partly cloudy sky with one or two spells of rain or thundershowers,13,29.7,-0.6,24.3,1.9,0.1,87.0,82.0,05:56,18:48,23:13,11:34
43128,Hyderabad,2026-08-05,2026-08-05 04:04:58,3,2026-08-07,31.0,24.0,Partly cloudy sky with one or two spells of rain or thundershowers,13,29.7,-0.6,24.3,1.9,0.1,87.0,82.0,05:56,18:48,23:13,11:34
43128,Hyderabad,2026-08-05,2026-08-05 04:04:58,4,2026-08-08,32.0,24.0,Partly cloudy sky with possibility of rain or Thunderstorm or Duststorm,8,29.7,-0.6,24.3,1.9,0.1,87.0,82.0,05:56,18:48,23:13,11:34
43128,Hyderabad,2026-08-05,2026-08-05 04:04:58,5,2026-08-09,31.0,23.0,Partly cloudy sky with possibility of rain or Thunderstorm or Duststorm,8,29.7,-0.6,24.3,1.9,0.1,87.0,82.0,05:56,18:48,23:13,11:34
43128,Hyderabad,2026-08-05,2026-08-05 04:04:58,6,2026-08-10,31.0,23.0,Partly cloudy sky with possibility of rain or Thunderstorm or Duststorm,8,29.7,-0.6,24.3,1.9,0.1,87.0,82.0,05:56,18:48,23:13,11:34
43128,Hyderabad,2026-08-05,2026-08-05 04:04:58,7,2026-08-11,32.0,24.0,Partly cloudy sky with possibility of rain or Thunderstorm or Duststorm,8,29.7,-0.6,24.3,1.9,0.1,87.0,82.0,05:56,18:48,23:13,11:34
42754,Indore,2026-08-05,2026-08-05 04:54:52,1,2026-08-05,29.0,23.0,Partly cloudy sky with possibility of rain or Thunderstorm or Duststorm,8,28.5,0.2,22.5,0.4,0.2,90.0,73.0,06:00,19:06,23:15,11:53
42754,Indore,2026-08-05,2026-08-05 04:54:52,2,2026-08-06,29.0,23.0,Partly cloudy sky with possibility of rain or Thunderstorm or Duststorm,8,28.5,0.2,22.5,0.4,0.2,90.0,73.0,06:00,19:06,23:15,11:53
42754,Indore,2026-08-05,2026-08-05 04:54:52,3,2026-08-07,28.0,22.0,Partly cloudy sky with possibility of rain or Thunderstorm or Duststorm,8,28.5,0.2,22.5,0.4,0.2,90.0,73.0,06:00,19:06,23:15,11:53
42754,Indore,2026-08-05,2026-08-05 04:54:52,4,2026-08-08,29.0,22.0,Partly cloudy sky with possibility of rain or Thunderstorm or Duststorm,8,28.5,0.2,22.5,0.4,0.2,90.0,73.0,06:00,19:06,23:15,11:53
42754,Indore,2026-08-05,2026-08-05 04:54:52,5,2026-08-09,29.0,22.0,Partly cloudy sky with possibility of rain or Thunderstorm or Duststorm,8,28.5,0.2,22.5,0.4,0.2,90.0,73.0,06:00,19:06,23:15,11:53
42754,Indore,2026-08-05,2026-08-05 04:54:52,6,2026-08-10,28.0,23.0,Partly cloudy sky with possibility of rain or Thunderstorm or Duststorm,8,28.5,0.2,22.5,0.4,0.2,90.0,73.0,06:00,19:06,23:15,11:53
42754,Indore,2026-08-05,2026-08-05 04:54:52,7,2026-08-11,29.0,22.0,Partly cloudy sky with possibility of rain or Thunderstorm or Duststorm,8,28.5,0.2,22.5,0.4,0.2,90.0,73.0,06:00,19:06,23:15,11:53
42348,Jaipur-amo Jaipur,2026-08-05,2026-08-05 06:26:16,1,2026-08-05,31.0,25.0,Thunderstorm with rain,11,29.9,-2.7,27.1,1.9,0.0,78.0,74.0,05:53,19:12,23:08,11:59
42348,Jaipur-amo Jaipur,2026-08-05,2026-08-05 06:26:16,2,2026-08-06,30.0,25.0,Thunderstorm with rain,11,29.9,-2.7,27.1,1.9,0.0,78.0,74.0,05:53,19:12,23:08,11:59
42348,Jaipur-amo Jaipur,2026-08-05,2026-08-05 06:26:16,3,2026-08-07,30.0,24.0,Thunderstorm with rain,11,29.9,-2.7,27.1,1.9,0.0,78.0,74.0,05:53,19:12,23:08,11:59
42348,Jaipur-amo Jaipur,2026-08-05,2026-08-05 06:26:16,4,2026-08-08,30.0,24.0,Generally cloudy sky with moderate rain,14,29.9,-2.7,27.1,1.9,0.0,78.0,74.0,05:53,19:12,23:08,11:59
42348,Jaipur-amo Jaipur,2026-08-05,2026-08-05 06:26:16,5,2026-08-09,30.0,24.0,Generally cloudy sky with Light Rain or Drizzle,13,29.9,-2.7,27.1,1.9,0.0,78.0,74.0,05:53,19:12,23:08,11:59
42348,Jaipur-amo Jaipur,2026-08-05,2026-08-05 06:26:16,6,2026-08-10,30.0,24.0,Generally cloudy sky with Light Rain or Drizzle,13,29.9,-2.7,27.1,1.9,0.0,78.0,74.0,05:53,19:12,23:08,11:59
42348,Jaipur-amo Jaipur,2026-08-05,2026-08-05 06:26:16,7,2026-08-11,30.0,26.0,Partly cloudy sky,3,29.9,-2.7,27.1,1.9,0.0,78.0,74.0,05:53,19:12,23:08,11:59
42328,Jaisalmer,2026-08-05,2026-08-05 06:39:22,1,2026-08-05,37.0,26.0,Partly cloudy sky,3,37.3,0.7,26.6,0.4,0.0,77.0,49.0,06:13,19:32,23:28,12:19
42328,Jaisalmer,2026-08-05,2026-08-05 06:39:22,2,2026-08-06,36.0,26.0,Partly cloudy sky,3,37.3,0.7,26.6,0.4,0.0,77.0,49.0,06:13,19:32,23:28,12:19
42328,Jaisalmer,2026-08-05,2026-08-05 06:39:22,3,2026-08-07,35.0,25.0,Rain or Snow,16,37.3,0.7,26.6,0.4,0.0,77.0,49.0,06:13,19:32,23:28,12:19
42328,Jaisalmer,2026-08-05,2026-08-05 06:39:22,4,2026-08-08,35.0,25.0,Generally cloudy sky with Light Rain or Drizzle,13,37.3,0.7,26.6,0.4,0.0,77.0,49.0,06:13,19:32,23:28,12:19
42328,Jaisalmer,2026-08-05,2026-08-05 06:39:22,5,2026-08-09,34.0,24.0,Thunderstorm with rain,11,37.3,0.7,26.6,0.4,0.0,77.0,49.0,06:13,19:32,23:28,12:19
42328,Jaisalmer,2026-08-05,2026-08-05 06:39:22,6,2026-08-10,34.0,24.0,Thunderstorm with rain,11,37.3,0.7,26.6,0.4,0.0,77.0,49.0,06:13,19:32,23:28,12:19
42328,Jaisalmer,2026-08-05,2026-08-05 06:39:22,7,2026-08-11,35.0,26.0,Generally cloudy sky with Light Rain or Drizzle,13,37.3,0.7,26.6,0.4,0.0,77.0,49.0,06:13,19:32,23:28,12:19
42056,Jammu-city,2026-08-05,2026-08-05 05:30:05,1,2026-08-05,35.0,23.0,Generally cloudy sky with Light to Moderate Rain TS,14,34.5,,23.0,-2.1,7.8,92.0,67.0,05:47,19:26,23:01,12:13
42056,Jammu-city,2026-08-05,2026-08-05 05:30:05,2,2026-08-06,33.0,23.0,Partly cloudy sky with one or two spells of rain or thundershowers,13,34.5,,23.0,-2.1,7.8,92.0,67.0,05:47,19:26,23:01,12:13
42056,Jammu-city,2026-08-05,2026-08-05 05:30:05,3,2026-08-07,35.0,24.0,Partly cloudy sky with Light Rain TS,13,34.5,,23.0,-2.1,7.8,92.0,67.0,05:47,19:26,23:01,12:13
42056,Jammu-city,2026-08-05,2026-08-05 05:30:05,4,2026-08-08,35.0,25.0,Partly cloudy sky with Light Rain TS,13,34.5,,23.0,-2.1,7.8,92.0,67.0,05:47,19:26,23:01,12:13
42056,Jammu-city,2026-08-05,2026-08-05 05:30:05,5,2026-08-09,35.0,26.0,Partly cloudy sky with Light Rain TS,13,34.5,,23.0,-2.1,7.8,92.0,67.0,05:47,19:26,23:01,12:13
42056,Jammu-city,2026-08-05,2026-08-05 05:30:05,6,2026-08-10,34.0,26.0,Generally cloudy sky with Light to Moderate Rain TS,14,34.5,,23.0,-2.1,7.8,92.0,67.0,05:47,19:26,23:01,12:13
42056,Jammu-city,2026-08-05,2026-08-05 05:30:05,7,2026-08-11,33.0,25.0,Generally cloudy sky with Light to Moderate Rain TS,14,34.5,,23.0,-2.1,7.8,92.0,67.0,05:47,19:26,23:01,12:13
42339,Jodhpur,2026-08-05,2026-08-05 06:51:37,1,2026-08-05,33.0,25.0,Partly cloudy sky,3,32.8,-1.1,27.4,1.4,0.0,82.0,65.0,06:05,19:23,23:21,12:10
42339,Jodhpur,2026-08-05,2026-08-05 06:51:37,2,2026-08-06,33.0,25.0,Partly cloudy sky,3,32.8,-1.1,27.4,1.4,0.0,82.0,65.0,06:05,19:23,23:21,12:10
42339,Jodhpur,2026-08-05,2026-08-05 06:51:37,3,2026-08-07,32.0,24.0,Generally cloudy sky with Light Rain or Drizzle,13,32.8,-1.1,27.4,1.4,0.0,82.0,65.0,06:05,19:23,23:21,12:10
42339,Jodhpur,2026-08-05,2026-08-05 06:51:37,4,2026-08-08,32.0,24.0,Thunderstorm with rain,11,32.8,-1.1,27.4,1.4,0.0,82.0,65.0,06:05,19:23,23:21,12:10
42339,Jodhpur,2026-08-05,2026-08-05 06:51:37,5,2026-08-09,31.0,24.0,Thunderstorm with rain,11,32.8,-1.1,27.4,1.4,0.0,82.0,65.0,06:05,19:23,23:21,12:10
42339,Jodhpur,2026-08-05,2026-08-05 06:51:37,6,2026-08-10,31.0,24.0,Thunderstorm with rain,11,32.8,-1.1,27.4,1.4,0.0,82.0,65.0,06:05,19:23,23:21,12:10
42339,Jodhpur,2026-08-05,2026-08-05 06:51:37,7,2026-08-11,30.0,25.0,Generally cloudy sky with Light Rain or Drizzle,13,32.8,-1.1,27.4,1.4,0.0,82.0,65.0,06:05,19:23,23:21,12:10
43346,Karaikal,2026-08-05,2026-08-05 04:40:02,1,2026-08-05,36.0,25.0,Partly cloudy sky with possibility of moderate rain or Thunderstorm,14,34.2,-1.5,26.7,0.5,0.01,78.0,79.0,06:00,18:34,23:17,11:20
43346,Karaikal,2026-08-05,2026-08-05 04:40:02,2,2026-08-06,36.0,26.0,Generally cloudy sky with Light rain,13,34.2,-1.5,26.7,0.5,0.01,78.0,79.0,06:00,18:34,23:17,11:20
43346,Karaikal,2026-08-05,2026-08-05 04:40:02,3,2026-08-07,36.0,26.0,Partly cloudy sky,3,34.2,-1.5,26.7,0.5,0.01,78.0,79.0,06:00,18:34,23:17,11:20
43346,Karaikal,2026-08-05,2026-08-05 04:40:02,4,2026-08-08,36.0,25.0,Partly cloudy sky,3,34.2,-1.5,26.7,0.5,0.01,78.0,79.0,06:00,18:34,23:17,11:20
43346,Karaikal,2026-08-05,2026-08-05 04:40:02,5,2026-08-09,36.0,25.0,Partly cloudy sky,3,34.2,-1.5,26.7,0.5,0.01,78.0,79.0,06:00,18:34,23:17,11:20
43346,Karaikal,2026-08-05,2026-08-05 04:40:02,6,2026-08-10,36.0,26.0,Generally cloudy sky with Light rain,13,34.2,-1.5,26.7,0.5,0.01,78.0,79.0,06:00,18:34,23:17,11:20
43346,Karaikal,2026-08-05,2026-08-05 04:40:02,7,2026-08-11,35.0,27.0,Generally cloudy sky with Light rain,13,34.2,-1.5,26.7,0.5,0.01,78.0,79.0,06:00,18:34,23:17,11:20
43353,Kochi,2026-08-05,2026-08-05 10:05:13,1,2026-08-05,29.0,23.0,Generally cloudy sky with intermittent rain,14,27.6,,23.6,-0.3,20.4,93.0,88.0,06:15,18:47,23:33,11:33
43353,Kochi,2026-08-05,2026-08-05 10:05:13,2,2026-08-06,29.0,23.0,Generally cloudy sky with intermittent rain,14,27.6,,23.6,-0.3,20.4,93.0,88.0,06:15,18:47,23:33,11:33
43353,Kochi,2026-08-05,2026-08-05 10:05:13,3,2026-08-07,29.0,23.0,Generally cloudy sky with intermittent rain,14,27.6,,23.6,-0.3,20.4,93.0,88.0,06:15,18:47,23:33,11:33
43353,Kochi,2026-08-05,2026-08-05 10:05:13,4,2026-08-08,29.0,23.0,Generally cloudy sky with intermittent rain,14,27.6,,23.6,-0.3,20.4,93.0,88.0,06:15,18:47,23:33,11:33
43353,Kochi,2026-08-05,2026-08-05 10:05:13,5,2026-08-09,29.0,23.0,Generally cloudy sky with intermittent rain,14,27.6,,23.6,-0.3,20.4,93.0,88.0,06:15,18:47,23:33,11:33
43353,Kochi,2026-08-05,2026-08-05 10:05:13,6,2026-08-10,29.0,23.0,Generally cloudy sky,4,27.6,,23.6,-0.3,20.4,93.0,88.0,06:15,18:47,23:33,11:33
43353,Kochi,2026-08-05,2026-08-05 10:05:13,7,2026-08-11,29.0,23.0,Generally cloudy sky,4,27.6,,23.6,-0.3,20.4,93.0,88.0,06:15,18:47,23:33,11:33
42807,Kolkata-alipore,2026-08-05,2026-08-05 04:40:05,1,2026-08-05,31.0,26.0,Generally cloudy sky with one or two spells of rain or thundershowers,14,31.7,-0.3,26.7,0.2,16.3,97.0,85.0,05:10,18:16,22:24,11:00
42807,Kolkata-alipore,2026-08-05,2026-08-05 04:40:05,2,2026-08-06,30.0,26.0,Generally cloudy sky with a few spells of rain or thundershowers,15,31.7,-0.3,26.7,0.2,16.3,97.0,85.0,05:10,18:16,22:24,11:00
42807,Kolkata-alipore,2026-08-05,2026-08-05 04:40:05,3,2026-08-07,30.0,27.0,Generally cloudy sky with one or two spells of rain or thundershowers,14,31.7,-0.3,26.7,0.2,16.3,97.0,85.0,05:10,18:16,22:24,11:00
42807,Kolkata-alipore,2026-08-05,2026-08-05 04:40:05,4,2026-08-08,32.0,28.0,Generally cloudy sky with Light rain,13,31.7,-0.3,26.7,0.2,16.3,97.0,85.0,05:10,18:16,22:24,11:00
42807,Kolkata-alipore,2026-08-05,2026-08-05 04:40:05,5,2026-08-09,33.0,28.0,Generally cloudy sky with Light rain,13,31.7,-0.3,26.7,0.2,16.3,97.0,85.0,05:10,18:16,22:24,11:00
42807,Kolkata-alipore,2026-08-05,2026-08-05 04:40:05,6,2026-08-10,32.0,27.0,Thunderstorm with rain,11,31.7,-0.3,26.7,0.2,16.3,97.0,85.0,05:10,18:16,22:24,11:00
42807,Kolkata-alipore,2026-08-05,2026-08-05 04:40:05,7,2026-08-11,32.0,27.0,Thunderstorm with rain,11,31.7,-0.3,26.7,0.2,16.3,97.0,85.0,05:10,18:16,22:24,11:00
42809,Kolkata-dum Dum,2026-08-05,2026-08-05 04:03:59,1,2026-08-05,32.0,26.0,Generally cloudy sky with one or two spells of rain or thundershowers,14,33.2,0.4,26.6,0.1,21.4,98.0,79.0,05:09,18:15,22:23,11:00
42809,Kolkata-dum Dum,2026-08-05,2026-08-05 04:03:59,2,2026-08-06,30.0,26.0,Generally cloudy sky with a few spells of rain or thundershowers,15,33.2,0.4,26.6,0.1,21.4,98.0,79.0,05:09,18:15,22:23,11:00
42809,Kolkata-dum Dum,2026-08-05,2026-08-05 04:03:59,3,2026-08-07,31.0,27.0,Generally cloudy sky with one or two spells of rain or thundershowers,14,33.2,0.4,26.6,0.1,21.4,98.0,79.0,05:09,18:15,22:23,11:00
42809,Kolkata-dum Dum,2026-08-05,2026-08-05 04:03:59,4,2026-08-08,33.0,28.0,Generally cloudy sky with Light rain,13,33.2,0.4,26.6,0.1,21.4,98.0,79.0,05:09,18:15,22:23,11:00
42809,Kolkata-dum Dum,2026-08-05,2026-08-05 04:03:59,5,2026-08-09,34.0,28.0,Generally cloudy sky with Light rain,13,33.2,0.4,26.6,0.1,21.4,98.0,79.0,05:09,18:15,22:23,11:00
42809,Kolkata-dum Dum,2026-08-05,2026-08-05 04:03:59,6,2026-08-10,33.0,27.0,Thunderstorm with rain,11,33.2,0.4,26.6,0.1,21.4,98.0,79.0,05:09,18:15,22:23,11:00
42809,Kolkata-dum Dum,2026-08-05,2026-08-05 04:03:59,7,2026-08-11,33.0,27.0,Thunderstorm with rain,11,33.2,0.4,26.6,0.1,21.4,98.0,79.0,05:09,18:15,22:23,11:00
43314,Kozhikode,2026-08-05,2026-08-05 10:00:12,1,2026-08-05,29.0,24.0,Generally cloudy sky with intermittent rain,14,29.1,-0.6,23.8,-0.2,30.2,95.0,90.0,06:15,18:50,23:33,11:37
43314,Kozhikode,2026-08-05,2026-08-05 10:00:12,2,2026-08-06,30.0,24.0,Generally cloudy sky with intermittent rain,14,29.1,-0.6,23.8,-0.2,30.2,95.0,90.0,06:15,18:50,23:33,11:37
43314,Kozhikode,2026-08-05,2026-08-05 10:00:12,3,2026-08-07,30.0,24.0,Generally cloudy sky with intermittent rain,14,29.1,-0.6,23.8,-0.2,30.2,95.0,90.0,06:15,18:50,23:33,11:37
43314,Kozhikode,2026-08-05,2026-08-05 10:00:12,4,2026-08-08,30.0,24.0,Generally cloudy sky with intermittent rain,14,29.1,-0.6,23.8,-0.2,30.2,95.0,90.0,06:15,18:50,23:33,11:37
43314,Kozhikode,2026-08-05,2026-08-05 10:00:12,5,2026-08-09,30.0,24.0,Generally cloudy sky with intermittent rain,14,29.1,-0.6,23.8,-0.2,30.2,95.0,90.0,06:15,18:50,23:33,11:37
43314,Kozhikode,2026-08-05,2026-08-05 10:00:12,6,2026-08-10,30.0,24.0,Generally cloudy sky,4,29.1,-0.6,23.8,-0.2,30.2,95.0,90.0,06:15,18:50,23:33,11:37
43314,Kozhikode,2026-08-05,2026-08-05 10:00:12,7,2026-08-11,30.0,24.0,Generally cloudy sky,4,29.1,-0.6,23.8,-0.2,30.2,95.0,90.0,06:15,18:50,23:33,11:37
43185,Machilipatnam,2026-08-05,2026-08-05 07:32:00,1,2026-08-05,34.0,28.0,Generally cloudy sky with one or two spells of rain or thundershowers,14,33.6,0.2,28.1,1.9,0.01,75.0,65.0,05:48,18:36,23:04,11:21
43185,Machilipatnam,2026-08-05,2026-08-05 07:32:00,2,2026-08-06,35.0,28.0,Generally cloudy sky with one or two spells of rain or thundershowers,14,33.6,0.2,28.1,1.9,0.01,75.0,65.0,05:48,18:36,23:04,11:21
43185,Machilipatnam,2026-08-05,2026-08-05 07:32:00,3,2026-08-07,36.0,27.0,Generally cloudy sky with one or two spells of rain or thundershowers,14,33.6,0.2,28.1,1.9,0.01,75.0,65.0,05:48,18:36,23:04,11:21
43185,Machilipatnam,2026-08-05,2026-08-05 07:32:00,4,2026-08-08,36.0,27.0,Generally cloudy sky with one or two spells of rain or thundershowers,14,33.6,0.2,28.1,1.9,0.01,75.0,65.0,05:48,18:36,23:04,11:21
43185,Machilipatnam,2026-08-05,2026-08-05 07:32:00,5,2026-08-09,36.0,27.0,Generally cloudy sky with one or two spells of rain or thundershowers,14,33.6,0.2,28.1,1.9,0.01,75.0,65.0,05:48,18:36,23:04,11:21
43185,Machilipatnam,2026-08-05,2026-08-05 07:32:00,6,2026-08-10,35.0,26.0,Partly cloudy sky in the morning hours becoming generally cloudy sky towards evening or night with possibility of rain or thundershowers accompanied with squall,12,33.6,0.2,28.1,1.9,0.01,75.0,65.0,05:48,18:36,23:04,11:21
43185,Machilipatnam,2026-08-05,2026-08-05 07:32:00,7,2026-08-11,34.0,26.0,Partly cloudy sky in the morning hours becoming generally cloudy sky towards evening or night with possibility of rain or thundershowers accompanied with squall,12,33.6,0.2,28.1,1.9,0.01,75.0,65.0,05:48,18:36,23:04,11:21
43369,Minicoy,2026-08-05,2026-08-05 09:57:03,1,2026-08-05,33.0,25.0,Generally cloudy sky with intermittent rain,14,33.2,2.0,27.8,2.3,0.0,83.0,78.0,06:30,18:58,23:49,11:45
43369,Minicoy,2026-08-05,2026-08-05 09:57:03,2,2026-08-06,33.0,25.0,Generally cloudy sky with intermittent rain,14,33.2,2.0,27.8,2.3,0.0,83.0,78.0,06:30,18:58,23:49,11:45
43369,Minicoy,2026-08-05,2026-08-05 09:57:03,3,2026-08-07,33.0,25.0,Generally cloudy sky with intermittent rain,14,33.2,2.0,27.8,2.3,0.0,83.0,78.0,06:30,18:58,23:49,11:45
43369,Minicoy,2026-08-05,2026-08-05 09:57:03,4,2026-08-08,33.0,25.0,Generally cloudy sky with intermittent rain,14,33.2,2.0,27.8,2.3,0.0,83.0,78.0,06:30,18:58,23:49,11:45
43369,Minicoy,2026-08-05,2026-08-05 09:57:03,5,2026-08-09,33.0,25.0,Generally cloudy sky with intermittent rain,14,33.2,2.0,27.8,2.3,0.0,83.0,78.0,06:30,18:58,23:49,11:45
43369,Minicoy,2026-08-05,2026-08-05 09:57:03,6,2026-08-10,33.0,25.0,Generally cloudy sky,4,33.2,2.0,27.8,2.3,0.0,83.0,78.0,06:30,18:58,23:49,11:45
43369,Minicoy,2026-08-05,2026-08-05 09:57:03,7,2026-08-11,33.0,25.0,Generally cloudy sky,4,33.2,2.0,27.8,2.3,0.0,83.0,78.0,06:30,18:58,23:49,11:45
42540,Mount Abu,2026-08-05,2026-08-05 06:58:54,1,2026-08-05,23.0,14.0,Generally cloudy sky with Light Rain or Drizzle,13,,,,,999.0,,,06:09,19:21,23:25,12:08
42540,Mount Abu,2026-08-05,2026-08-05 06:58:54,2,2026-08-06,23.0,14.0,Generally cloudy sky with Light Rain or Drizzle,13,,,,,999.0,,,06:09,19:21,23:25,12:08
42540,Mount Abu,2026-08-05,2026-08-05 06:58:54,3,2026-08-07,22.0,14.0,Generally cloudy sky with Light Rain or Drizzle,13,,,,,999.0,,,06:09,19:21,23:25,12:08
42540,Mount Abu,2026-08-05,2026-08-05 06:58:54,4,2026-08-08,22.0,13.0,Thunderstorm with rain,11,,,,,999.0,,,06:09,19:21,23:25,12:08
42540,Mount Abu,2026-08-05,2026-08-05 06:58:54,5,2026-08-09,23.0,13.0,Thunderstorm with rain,11,,,,,999.0,,,06:09,19:21,23:25,12:08
42540,Mount Abu,2026-08-05,2026-08-05 06:58:54,6,2026-08-10,23.0,13.0,Thunderstorm with rain,11,,,,,999.0,,,06:09,19:21,23:25,12:08
42540,Mount Abu,2026-08-05,2026-08-05 06:58:54,7,2026-08-11,22.0,19.0,Generally cloudy sky with Light Rain or Drizzle,13,,,,,999.0,,,06:09,19:21,23:25,12:08
43057,Mumbai-colaba,2026-08-05,2026-08-05 06:46:53,1,2026-08-05,30.0,25.0,Generally cloudy sky with moderate rain,14,30.5,0.9,24.8,-0.5,10.0,94.0,92.0,06:17,19:13,23:34,12:00
43057,Mumbai-colaba,2026-08-05,2026-08-05 06:46:53,2,2026-08-06,31.0,25.0,Generally cloudy sky with moderate rain,14,30.5,0.9,24.8,-0.5,10.0,94.0,92.0,06:17,19:13,23:34,12:00
43057,Mumbai-colaba,2026-08-05,2026-08-05 06:46:53,3,2026-08-07,31.0,26.0,Generally cloudy sky with moderate rain,14,30.5,0.9,24.8,-0.5,10.0,94.0,92.0,06:17,19:13,23:34,12:00
43057,Mumbai-colaba,2026-08-05,2026-08-05 06:46:53,4,2026-08-08,31.0,26.0,Generally cloudy sky with moderate rain,14,30.5,0.9,24.8,-0.5,10.0,94.0,92.0,06:17,19:13,23:34,12:00
43057,Mumbai-colaba,2026-08-05,2026-08-05 06:46:53,5,2026-08-09,30.0,26.0,Generally cloudy sky with moderate rain,14,30.5,0.9,24.8,-0.5,10.0,94.0,92.0,06:17,19:13,23:34,12:00
43057,Mumbai-colaba,2026-08-05,2026-08-05 06:46:53,6,2026-08-10,30.0,26.0,Generally cloudy sky with moderate rain,14,30.5,0.9,24.8,-0.5,10.0,94.0,92.0,06:17,19:13,23:34,12:00
43057,Mumbai-colaba,2026-08-05,2026-08-05 06:46:53,7,2026-08-11,30.0,26.0,Generally cloudy sky with moderate rain,14,30.5,0.9,24.8,-0.5,10.0,94.0,92.0,06:17,19:13,23:34,12:00
43003,Mumbai-santacruz,2026-08-05,2026-08-05 06:48:16,1,2026-08-05,29.0,25.0,Generally cloudy sky with Heavy rain,15,30.9,1.0,25.0,-0.4,13.5,89.0,92.0,06:17,19:13,23:33,12:00
43003,Mumbai-santacruz,2026-08-05,2026-08-05 06:48:16,2,2026-08-06,30.0,26.0,Generally cloudy sky with moderate rain,14,30.9,1.0,25.0,-0.4,13.5,89.0,92.0,06:17,19:13,23:33,12:00
43003,Mumbai-santacruz,2026-08-05,2026-08-05 06:48:16,3,2026-08-07,31.0,26.0,Generally cloudy sky with Light rain,13,30.9,1.0,25.0,-0.4,13.5,89.0,92.0,06:17,19:13,23:33,12:00
43003,Mumbai-santacruz,2026-08-05,2026-08-05 06:48:16,4,2026-08-08,31.0,26.0,Generally cloudy sky with Light rain,13,30.9,1.0,25.0,-0.4,13.5,89.0,92.0,06:17,19:13,23:33,12:00
43003,Mumbai-santacruz,2026-08-05,2026-08-05 06:48:16,5,2026-08-09,31.0,26.0,Generally cloudy sky with moderate rain,14,30.9,1.0,25.0,-0.4,13.5,89.0,92.0,06:17,19:13,23:33,12:00
43003,Mumbai-santacruz,2026-08-05,2026-08-05 06:48:16,6,2026-08-10,31.0,27.0,Generally cloudy sky with moderate rain,14,30.9,1.0,25.0,-0.4,13.5,89.0,92.0,06:17,19:13,23:33,12:00
43003,Mumbai-santacruz,2026-08-05,2026-08-05 06:48:16,7,2026-08-11,31.0,27.0,Generally cloudy sky with moderate rain,14,30.9,1.0,25.0,-0.4,13.5,89.0,92.0,06:17,19:13,23:33,12:00
42867,Nagpur-sonegaon Airport,2026-08-05,2026-08-05 07:28:35,1,2026-08-05,33.0,24.0,Thunderstorm with rain,11,33.2,3.2,24.2,0.5,0.0,83.0,72.0,05:49,18:51,23:05,11:37
42867,Nagpur-sonegaon Airport,2026-08-05,2026-08-05 07:28:35,2,2026-08-06,33.0,23.0,Generally cloudy sky with Light rain,13,33.2,3.2,24.2,0.5,0.0,83.0,72.0,05:49,18:51,23:05,11:37
42867,Nagpur-sonegaon Airport,2026-08-05,2026-08-05 07:28:35,3,2026-08-07,32.0,23.0,Generally cloudy sky with Light rain,13,33.2,3.2,24.2,0.5,0.0,83.0,72.0,05:49,18:51,23:05,11:37
42867,Nagpur-sonegaon Airport,2026-08-05,2026-08-05 07:28:35,4,2026-08-08,32.0,23.0,Generally cloudy sky with Light rain,13,33.2,3.2,24.2,0.5,0.0,83.0,72.0,05:49,18:51,23:05,11:37
42867,Nagpur-sonegaon Airport,2026-08-05,2026-08-05 07:28:35,5,2026-08-09,32.0,22.0,Generally cloudy sky with Light rain,13,33.2,3.2,24.2,0.5,0.0,83.0,72.0,05:49,18:51,23:05,11:37
42867,Nagpur-sonegaon Airport,2026-08-05,2026-08-05 07:28:35,6,2026-08-10,32.0,22.0,Generally cloudy sky with Light rain,13,33.2,3.2,24.2,0.5,0.0,83.0,72.0,05:49,18:51,23:05,11:37
42867,Nagpur-sonegaon Airport,2026-08-05,2026-08-05 07:28:35,7,2026-08-11,32.0,23.0,Generally cloudy sky with Light rain,13,33.2,3.2,24.2,0.5,0.0,83.0,72.0,05:49,18:51,23:05,11:37
42181,New Delhi-palam,2026-08-05,2026-08-05 08:59:31,1,2026-08-05,29.0,25.0,Generally cloudy sky  One or two spells of light to moderate rain at many places with heavy rain at isolated places during afternoon to evening  Another spell of very light to light rain at many places towards night,15,31.6,-2.8,24.9,-1.9,8.3,94.0,92.0,05:45,19:10,23:00,11:56
42181,New Delhi-palam,2026-08-05,2026-08-05 08:59:31,2,2026-08-06,31.0,22.0,Generally cloudy sky with moderate rain,14,31.6,-2.8,24.9,-1.9,8.3,94.0,92.0,05:45,19:10,23:00,11:56
42181,New Delhi-palam,2026-08-05,2026-08-05 08:59:31,3,2026-08-07,32.0,22.0,Generally cloudy sky with moderate rain,14,31.6,-2.8,24.9,-1.9,8.3,94.0,92.0,05:45,19:10,23:00,11:56
42181,New Delhi-palam,2026-08-05,2026-08-05 08:59:31,4,2026-08-08,33.0,22.0,Generally cloudy sky with Light rain,13,31.6,-2.8,24.9,-1.9,8.3,94.0,92.0,05:45,19:10,23:00,11:56
42181,New Delhi-palam,2026-08-05,2026-08-05 08:59:31,5,2026-08-09,33.0,23.0,Generally cloudy sky with Light Rain or Drizzle,13,31.6,-2.8,24.9,-1.9,8.3,94.0,92.0,05:45,19:10,23:00,11:56
42181,New Delhi-palam,2026-08-05,2026-08-05 08:59:31,6,2026-08-10,32.0,23.0,Generally cloudy sky with Light Rain or Drizzle,13,31.6,-2.8,24.9,-1.9,8.3,94.0,92.0,05:45,19:10,23:00,11:56
42181,New Delhi-palam,2026-08-05,2026-08-05 08:59:31,7,2026-08-11,32.0,23.0,Generally cloudy sky with Light Rain or Drizzle,13,31.6,-2.8,24.9,-1.9,8.3,94.0,92.0,05:45,19:10,23:00,11:56
42182,New Delhi-safdarjung,2026-08-05,2026-08-05 08:58:50,1,2026-08-05,30.0,27.0,Generally cloudy sky  One or two spells of light to moderate rain at many places with heavy rain at isolated places during afternoon to evening  Another spell of very light to light rain at many places towards night,15,33.5,-0.7,26.6,-0.3,10.8,97.0,100.0,05:45,19:10,22:59,11:56
42182,New Delhi-safdarjung,2026-08-05,2026-08-05 08:58:50,2,2026-08-06,32.0,23.0,Generally cloudy sky with moderate rain,14,33.5,-0.7,26.6,-0.3,10.8,97.0,100.0,05:45,19:10,22:59,11:56
42182,New Delhi-safdarjung,2026-08-05,2026-08-05 08:58:50,3,2026-08-07,33.0,23.0,Generally cloudy sky with moderate rain,14,33.5,-0.7,26.6,-0.3,10.8,97.0,100.0,05:45,19:10,22:59,11:56
42182,New Delhi-safdarjung,2026-08-05,2026-08-05 08:58:50,4,2026-08-08,34.0,24.0,Generally cloudy sky with Light rain,13,33.5,-0.7,26.6,-0.3,10.8,97.0,100.0,05:45,19:10,22:59,11:56
42182,New Delhi-safdarjung,2026-08-05,2026-08-05 08:58:50,5,2026-08-09,34.0,25.0,Generally cloudy sky with Light Rain or Drizzle,13,33.5,-0.7,26.6,-0.3,10.8,97.0,100.0,05:45,19:10,22:59,11:56
42182,New Delhi-safdarjung,2026-08-05,2026-08-05 08:58:50,6,2026-08-10,33.0,25.0,Generally cloudy sky with Light Rain or Drizzle,13,33.5,-0.7,26.6,-0.3,10.8,97.0,100.0,05:45,19:10,22:59,11:56
42182,New Delhi-safdarjung,2026-08-05,2026-08-05 08:58:50,7,2026-08-11,33.0,24.0,Generally cloudy sky with Light Rain or Drizzle,13,33.5,-0.7,26.6,-0.3,10.8,97.0,100.0,05:45,19:10,22:59,11:56
43192,Panjim,2026-08-05,2026-08-05 04:12:10,1,2026-08-05,31.0,26.0,Generally cloudy sky with moderate rain,14,31.0,1.7,24.8,0.4,26.1,95.0,87.0,06:18,19:04,23:35,11:51
43192,Panjim,2026-08-05,2026-08-05 04:12:10,2,2026-08-06,31.0,26.0,Generally cloudy sky with moderate rain,14,31.0,1.7,24.8,0.4,26.1,95.0,87.0,06:18,19:04,23:35,11:51
43192,Panjim,2026-08-05,2026-08-05 04:12:10,3,2026-08-07,31.0,26.0,Generally cloudy sky with moderate rain,14,31.0,1.7,24.8,0.4,26.1,95.0,87.0,06:18,19:04,23:35,11:51
43192,Panjim,2026-08-05,2026-08-05 04:12:10,4,2026-08-08,31.0,26.0,Generally cloudy sky with moderate rain,14,31.0,1.7,24.8,0.4,26.1,95.0,87.0,06:18,19:04,23:35,11:51
43192,Panjim,2026-08-05,2026-08-05 04:12:10,5,2026-08-09,31.0,26.0,Generally cloudy sky with moderate rain,14,31.0,1.7,24.8,0.4,26.1,95.0,87.0,06:18,19:04,23:35,11:51
43192,Panjim,2026-08-05,2026-08-05 04:12:10,6,2026-08-10,31.0,26.0,Generally cloudy sky with moderate rain,14,31.0,1.7,24.8,0.4,26.1,95.0,87.0,06:18,19:04,23:35,11:51
43192,Panjim,2026-08-05,2026-08-05 04:12:10,7,2026-08-11,31.0,26.0,Generally cloudy sky with moderate rain,14,31.0,1.7,24.8,0.4,26.1,95.0,87.0,06:18,19:04,23:35,11:51
42101,Patiala,2026-08-05,2026-08-05 08:50:20,1,2026-08-05,33.0,27.0,Partly cloudy sky with one or two spells of rain or thundershowers,13,30.7,-2.9,26.8,0.0,1.6,91.0,83.0,05:45,19:16,22:59,12:02
42101,Patiala,2026-08-05,2026-08-05 08:50:20,2,2026-08-06,34.0,27.0,Partly cloudy sky with one or two spells of rain or thundershowers,13,30.7,-2.9,26.8,0.0,1.6,91.0,83.0,05:45,19:16,22:59,12:02
42101,Patiala,2026-08-05,2026-08-05 08:50:20,3,2026-08-07,34.0,27.0,Partly cloudy sky with one or two spells of rain or thundershowers,13,30.7,-2.9,26.8,0.0,1.6,91.0,83.0,05:45,19:16,22:59,12:02
42101,Patiala,2026-08-05,2026-08-05 08:50:20,4,2026-08-08,35.0,27.0,Partly cloudy sky with one or two spells of rain or thundershowers,13,30.7,-2.9,26.8,0.0,1.6,91.0,83.0,05:45,19:16,22:59,12:02
42101,Patiala,2026-08-05,2026-08-05 08:50:20,5,2026-08-09,36.0,28.0,Partly cloudy sky with one or two spells of rain or thundershowers,13,30.7,-2.9,26.8,0.0,1.6,91.0,83.0,05:45,19:16,22:59,12:02
42101,Patiala,2026-08-05,2026-08-05 08:50:20,6,2026-08-10,36.0,27.0,Partly cloudy sky with one or two spells of rain or thundershowers,13,30.7,-2.9,26.8,0.0,1.6,91.0,83.0,05:45,19:16,22:59,12:02
42101,Patiala,2026-08-05,2026-08-05 08:50:20,7,2026-08-11,35.0,27.0,Partly cloudy sky with one or two spells of rain or thundershowers,13,30.7,-2.9,26.8,0.0,1.6,91.0,83.0,05:45,19:16,22:59,12:02
42492,Patna-airport,2026-08-05,2026-08-05 06:21:25,1,2026-08-05,32.0,27.0,Generally cloudy sky with one or two spells of rain or thundershowers,14,35.0,1.3,28.0,1.3,0.0,80.0,81.0,05:18,18:33,22:32,11:18
42492,Patna-airport,2026-08-05,2026-08-05 06:21:25,2,2026-08-06,31.0,26.0,Generally cloudy sky with one or two spells of rain or thundershowers,14,35.0,1.3,28.0,1.3,0.0,80.0,81.0,05:18,18:33,22:32,11:18
42492,Patna-airport,2026-08-05,2026-08-05 06:21:25,3,2026-08-07,32.0,26.0,Generally cloudy sky with one or two spells of rain or thundershowers,14,35.0,1.3,28.0,1.3,0.0,80.0,81.0,05:18,18:33,22:32,11:18
42492,Patna-airport,2026-08-05,2026-08-05 06:21:25,4,2026-08-08,33.0,27.0,Partly cloudy sky with one or two spells of rain or thundershowers,13,35.0,1.3,28.0,1.3,0.0,80.0,81.0,05:18,18:33,22:32,11:18
42492,Patna-airport,2026-08-05,2026-08-05 06:21:25,5,2026-08-09,33.0,28.0,Partly cloudy sky with one or two spells of rain or thundershowers,13,35.0,1.3,28.0,1.3,0.0,80.0,81.0,05:18,18:33,22:32,11:18
42492,Patna-airport,2026-08-05,2026-08-05 06:21:25,6,2026-08-10,34.0,28.0,Partly cloudy sky with one or two spells of rain or thundershowers,13,35.0,1.3,28.0,1.3,0.0,80.0,81.0,05:18,18:33,22:32,11:18
42492,Patna-airport,2026-08-05,2026-08-05 06:21:25,7,2026-08-11,35.0,27.0,Partly cloudy sky towards afternoon or evening,3,35.0,1.3,28.0,1.3,0.0,80.0,81.0,05:18,18:33,22:32,11:18
99986,Patna-city,2026-08-05,2026-08-05 06:22:46,1,2026-08-05,32.0,27.0,Generally cloudy sky with one or two spells of rain or thundershowers,14,35.0,1.3,28.0,1.3,0.0,80.0,81.0,05:18,18:33,22:32,11:18
99986,Patna-city,2026-08-05,2026-08-05 06:22:46,2,2026-08-06,31.0,26.0,Generally cloudy sky with one or two spells of rain or thundershowers,14,35.0,1.3,28.0,1.3,0.0,80.0,81.0,05:18,18:33,22:32,11:18
99986,Patna-city,2026-08-05,2026-08-05 06:22:46,3,2026-08-07,32.0,26.0,Generally cloudy sky with one or two spells of rain or thundershowers,14,35.0,1.3,28.0,1.3,0.0,80.0,81.0,05:18,18:33,22:32,11:18
99986,Patna-city,2026-08-05,2026-08-05 06:22:46,4,2026-08-08,33.0,27.0,Partly cloudy sky with one or two spells of rain or thundershowers,13,35.0,1.3,28.0,1.3,0.0,80.0,81.0,05:18,18:33,22:32,11:18
99986,Patna-city,2026-08-05,2026-08-05 06:22:46,5,2026-08-09,33.0,28.0,Partly cloudy sky with one or two spells of rain or thundershowers,13,35.0,1.3,28.0,1.3,0.0,80.0,81.0,05:18,18:33,22:32,11:18
99986,Patna-city,2026-08-05,2026-08-05 06:22:46,6,2026-08-10,34.0,28.0,Partly cloudy sky with one or two spells of rain or thundershowers,13,35.0,1.3,28.0,1.3,0.0,80.0,81.0,05:18,18:33,22:32,11:18
99986,Patna-city,2026-08-05,2026-08-05 06:22:46,7,2026-08-11,35.0,27.0,Generally cloudy sky with one or two spells of rain or thundershowers,14,35.0,1.3,28.0,1.3,0.0,80.0,81.0,05:18,18:33,22:32,11:18
43333,Port Blair,2026-08-05,2026-08-05 04:20:10,1,2026-08-05,31.0,24.0,Generally cloudy sky with a few spells of rain or thundershowers,15,31.2,1.7,25.4,1.0,28.5,83.0,89.0,05:07,17:43,22:23,10:27
43333,Port Blair,2026-08-05,2026-08-05 04:20:10,2,2026-08-06,31.0,24.0,Generally cloudy sky with a few spells of rain or thundershowers,15,31.2,1.7,25.4,1.0,28.5,83.0,89.0,05:07,17:43,22:23,10:27
43333,Port Blair,2026-08-05,2026-08-05 04:20:10,3,2026-08-07,30.0,24.0,Generally cloudy sky with a few spells of rain or thundershowers,15,31.2,1.7,25.4,1.0,28.5,83.0,89.0,05:07,17:43,22:23,10:27
43333,Port Blair,2026-08-05,2026-08-05 04:20:10,4,2026-08-08,30.0,24.0,Rain or Thundershowers with strong gusty winds,13,31.2,1.7,25.4,1.0,28.5,83.0,89.0,05:07,17:43,22:23,10:27
43333,Port Blair,2026-08-05,2026-08-05 04:20:10,5,2026-08-09,31.0,25.0,Rain or Thundershowers with strong gusty winds,13,31.2,1.7,25.4,1.0,28.5,83.0,89.0,05:07,17:43,22:23,10:27
43333,Port Blair,2026-08-05,2026-08-05 04:20:10,6,2026-08-10,30.0,25.0,Rain or Thundershowers with strong gusty winds,13,31.2,1.7,25.4,1.0,28.5,83.0,89.0,05:07,17:43,22:23,10:27
43333,Port Blair,2026-08-05,2026-08-05 04:20:10,7,2026-08-11,30.0,25.0,Rain or Thundershowers with strong gusty winds,13,31.2,1.7,25.4,1.0,28.5,83.0,89.0,05:07,17:43,22:23,10:27
42874,Raipur-lalpur,2026-08-05,2026-08-05 07:41:37,1,2026-08-05,32.0,25.0,Generally cloudy sky with one or two spells of rain or thundershowers,14,33.5,3.9,25.5,1.2,0.2,89.0,82.0,05:38,18:40,22:54,11:26
42874,Raipur-lalpur,2026-08-05,2026-08-05 07:41:37,2,2026-08-06,32.0,25.0,Generally cloudy sky with one or two spells of rain or thundershowers,14,33.5,3.9,25.5,1.2,0.2,89.0,82.0,05:38,18:40,22:54,11:26
42874,Raipur-lalpur,2026-08-05,2026-08-05 07:41:37,3,2026-08-07,33.0,26.0,Generally cloudy sky with one or two spells of rain or thundershowers,14,33.5,3.9,25.5,1.2,0.2,89.0,82.0,05:38,18:40,22:54,11:26
42874,Raipur-lalpur,2026-08-05,2026-08-05 07:41:37,4,2026-08-08,33.0,26.0,Partly cloudy sky with possibility of rain or Thunderstorm or Duststorm,8,33.5,3.9,25.5,1.2,0.2,89.0,82.0,05:38,18:40,22:54,11:26
42874,Raipur-lalpur,2026-08-05,2026-08-05 07:41:37,5,2026-08-09,33.0,26.0,Partly cloudy sky with possibility of rain or Thunderstorm or Duststorm,8,33.5,3.9,25.5,1.2,0.2,89.0,82.0,05:38,18:40,22:54,11:26
42874,Raipur-lalpur,2026-08-05,2026-08-05 07:41:37,6,2026-08-10,33.0,26.0,Partly cloudy sky with possibility of rain or Thunderstorm or Duststorm,8,33.5,3.9,25.5,1.2,0.2,89.0,82.0,05:38,18:40,22:54,11:26
42874,Raipur-lalpur,2026-08-05,2026-08-05 07:41:37,7,2026-08-11,33.0,26.0,Partly cloudy sky with possibility of rain or Thunderstorm or Duststorm,8,33.5,3.9,25.5,1.2,0.2,89.0,82.0,05:38,18:40,22:54,11:26
42701,Ranchi,2026-08-05,2026-08-05 07:41:54,1,2026-08-05,29.0,22.0,Generally cloudy sky with a few spells of rain or thundershowers,15,31.2,1.9,23.0,0.0,36.0,0.0,96.0,05:21,18:29,22:35,11:14
42701,Ranchi,2026-08-05,2026-08-05 07:41:54,2,2026-08-06,27.0,22.0,Generally cloudy sky with moderate rain,14,31.2,1.9,23.0,0.0,36.0,0.0,96.0,05:21,18:29,22:35,11:14
42701,Ranchi,2026-08-05,2026-08-05 07:41:54,3,2026-08-07,27.0,23.0,Generally cloudy sky with a few spells of rain or thundershowers,15,31.2,1.9,23.0,0.0,36.0,0.0,96.0,05:21,18:29,22:35,11:14
42701,Ranchi,2026-08-05,2026-08-05 07:41:54,4,2026-08-08,28.0,24.0,Generally cloudy sky with one or two spells of rain or thundershowers,14,31.2,1.9,23.0,0.0,36.0,0.0,96.0,05:21,18:29,22:35,11:14
42701,Ranchi,2026-08-05,2026-08-05 07:41:54,5,2026-08-09,30.0,24.0,Generally cloudy sky with one or two spells of rain or thundershowers,14,31.2,1.9,23.0,0.0,36.0,0.0,96.0,05:21,18:29,22:35,11:14
42701,Ranchi,2026-08-05,2026-08-05 07:41:54,6,2026-08-10,30.0,24.0,Generally cloudy sky with one or two spells of rain or thundershowers,14,31.2,1.9,23.0,0.0,36.0,0.0,96.0,05:21,18:29,22:35,11:14
42701,Ranchi,2026-08-05,2026-08-05 07:41:54,7,2026-08-11,29.0,24.0,Generally cloudy sky with one or two spells of rain or thundershowers,14,31.2,1.9,23.0,0.0,36.0,0.0,96.0,05:21,18:29,22:35,11:14
42516,Shillong,2026-08-05,2026-08-05 06:02:23,1,2026-08-05,24.0,17.0,Generally cloudy sky,4,23.2,-1.5,17.4,,19.0,96.0,92.0,04:51,18:06,22:04,10:50
42516,Shillong,2026-08-05,2026-08-05 06:02:23,2,2026-08-06,23.0,17.0,Generally cloudy sky,4,23.2,-1.5,17.4,,19.0,96.0,92.0,04:51,18:06,22:04,10:50
42516,Shillong,2026-08-05,2026-08-05 06:02:23,3,2026-08-07,24.0,17.0,Generally cloudy sky,4,23.2,-1.5,17.4,,19.0,96.0,92.0,04:51,18:06,22:04,10:50
42516,Shillong,2026-08-05,2026-08-05 06:02:23,4,2026-08-08,24.0,17.0,Generally cloudy sky,4,23.2,-1.5,17.4,,19.0,96.0,92.0,04:51,18:06,22:04,10:50
42516,Shillong,2026-08-05,2026-08-05 06:02:23,5,2026-08-09,25.0,17.0,Partly cloudy sky,3,23.2,-1.5,17.4,,19.0,96.0,92.0,04:51,18:06,22:04,10:50
42516,Shillong,2026-08-05,2026-08-05 06:02:23,6,2026-08-10,25.0,17.0,Partly cloudy sky,3,23.2,-1.5,17.4,,19.0,96.0,92.0,04:51,18:06,22:04,10:50
42516,Shillong,2026-08-05,2026-08-05 06:02:23,7,2026-08-11,27.0,18.0,Partly cloudy sky,3,23.2,-1.5,17.4,,19.0,96.0,92.0,04:51,18:06,22:04,10:50
42027,Srinagar-city,2026-08-05,2026-08-05 05:10:07,1,2026-08-05,31.0,20.0,Generally Cloudy Sky with Light to Moderate Rain TS,14,30.5,,19.8,0.9,0.0,76.0,58.0,05:45,19:29,22:58,12:15
42027,Srinagar-city,2026-08-05,2026-08-05 05:10:07,2,2026-08-06,32.0,20.0,Partly cloudy sky to Generally Cloudy Sky with Light Rain TS,13,30.5,,19.8,0.9,0.0,76.0,58.0,05:45,19:29,22:58,12:15
42027,Srinagar-city,2026-08-05,2026-08-05 05:10:07,3,2026-08-07,32.0,19.0,Partly cloudy sky becoming generally cloudy towards afternoon or evening or night,4,30.5,,19.8,0.9,0.0,76.0,58.0,05:45,19:29,22:58,12:15
42027,Srinagar-city,2026-08-05,2026-08-05 05:10:07,4,2026-08-08,32.0,20.0,Generally Cloudy Sky with Light Rain TS,13,30.5,,19.8,0.9,0.0,76.0,58.0,05:45,19:29,22:58,12:15
42027,Srinagar-city,2026-08-05,2026-08-05 05:10:07,5,2026-08-09,32.0,21.0,Generally Cloudy Sky with Light Rain TS,13,30.5,,19.8,0.9,0.0,76.0,58.0,05:45,19:29,22:58,12:15
42027,Srinagar-city,2026-08-05,2026-08-05 05:10:07,6,2026-08-10,30.0,21.0,Partly cloudy sky with Light Rain TS,13,30.5,,19.8,0.9,0.0,76.0,58.0,05:45,19:29,22:58,12:15
42027,Srinagar-city,2026-08-05,2026-08-05 05:10:07,7,2026-08-11,30.0,20.0,Partly cloudy sky with Light Rain TS,13,30.5,,19.8,0.9,0.0,76.0,58.0,05:45,19:29,22:58,12:15
43371,Thiruvananthapuram-city,2026-08-05,2026-08-05 09:52:17,1,2026-08-05,31.0,24.0,Generally cloudy sky with intermittent rain,14,28.8,-1.8,22.9,-0.9,4.5,87.0,92.0,06:14,18:42,23:33,11:29
43371,Thiruvananthapuram-city,2026-08-05,2026-08-05 09:52:17,2,2026-08-06,30.0,24.0,Generally cloudy sky with intermittent rain,14,28.8,-1.8,22.9,-0.9,4.5,87.0,92.0,06:14,18:42,23:33,11:29
43371,Thiruvananthapuram-city,2026-08-05,2026-08-05 09:52:17,3,2026-08-07,30.0,24.0,Generally cloudy sky with intermittent rain,14,28.8,-1.8,22.9,-0.9,4.5,87.0,92.0,06:14,18:42,23:33,11:29
43371,Thiruvananthapuram-city,2026-08-05,2026-08-05 09:52:17,4,2026-08-08,30.0,24.0,Generally cloudy sky with intermittent rain,14,28.8,-1.8,22.9,-0.9,4.5,87.0,92.0,06:14,18:42,23:33,11:29
43371,Thiruvananthapuram-city,2026-08-05,2026-08-05 09:52:17,5,2026-08-09,30.0,24.0,Generally cloudy sky with intermittent rain,14,28.8,-1.8,22.9,-0.9,4.5,87.0,92.0,06:14,18:42,23:33,11:29
43371,Thiruvananthapuram-city,2026-08-05,2026-08-05 09:52:17,6,2026-08-10,30.0,24.0,Generally cloudy sky,4,28.8,-1.8,22.9,-0.9,4.5,87.0,92.0,06:14,18:42,23:33,11:29
43371,Thiruvananthapuram-city,2026-08-05,2026-08-05 09:52:17,7,2026-08-11,30.0,24.0,Generally cloudy sky,4,28.8,-1.8,22.9,-0.9,4.5,87.0,92.0,06:14,18:42,23:33,11:29
43150,Visakhapatnam,2026-08-05,2026-08-05 07:29:09,1,2026-08-05,34.0,27.0,Generally cloudy sky with one or two spells of rain or thundershowers,14,34.2,3.1,28.6,2.4,0.0,79.0,85.0,05:37,18:29,22:53,11:14
43150,Visakhapatnam,2026-08-05,2026-08-05 07:29:09,2,2026-08-06,34.0,27.0,Generally cloudy sky with one or two spells of rain or thundershowers,14,34.2,3.1,28.6,2.4,0.0,79.0,85.0,05:37,18:29,22:53,11:14
43150,Visakhapatnam,2026-08-05,2026-08-05 07:29:09,3,2026-08-07,33.0,27.0,Generally cloudy sky with one or two spells of rain or thundershowers,14,34.2,3.1,28.6,2.4,0.0,79.0,85.0,05:37,18:29,22:53,11:14
43150,Visakhapatnam,2026-08-05,2026-08-05 07:29:09,4,2026-08-08,34.0,27.0,Generally cloudy sky with one or two spells of rain or thundershowers,14,34.2,3.1,28.6,2.4,0.0,79.0,85.0,05:37,18:29,22:53,11:14
43150,Visakhapatnam,2026-08-05,2026-08-05 07:29:09,5,2026-08-09,34.0,27.0,Generally cloudy sky with one or two spells of rain or thundershowers,14,34.2,3.1,28.6,2.4,0.0,79.0,85.0,05:37,18:29,22:53,11:14
43150,Visakhapatnam,2026-08-05,2026-08-05 07:29:09,6,2026-08-10,33.0,25.0,Partly cloudy sky in the morning hours becoming generally cloudy sky towards evening or night with possibility of rain or thundershowers accompanied with squall,12,34.2,3.1,28.6,2.4,0.0,79.0,85.0,05:37,18:29,22:53,11:14
43150,Visakhapatnam,2026-08-05,2026-08-05 07:29:09,7,2026-08-11,33.0,25.0,Partly cloudy sky in the morning hours becoming generally cloudy sky towards evening or night with possibility of rain or thundershowers accompanied with squall,12,34.2,3.1,28.6,2.4,0.0,79.0,85.0,05:37,18:29,22:53,11:14
